timestamp_utc,timestamp_ist,open,high,low,close,tick_count,average_spread
2026-07-14 00:00:00,2026-07-14 05:30:00,4001.215,4003.465,3999.78,4002.985,500,0.834
2026-07-14 00:01:00,2026-07-14 05:31:00,4003.01,4004.785,4001.06,4001.27,385,0.8
2026-07-14 00:02:00,2026-07-14 05:32:00,4001.125,4001.53,3996.565,3996.66,419,0.822
2026-07-14 00:03:00,2026-07-14 05:33:00,3996.48,3998.47,3996.34,3997.09,354,0.807
2026-07-14 00:04:00,2026-07-14 05:34:00,3997.05,3997.05,3993.12,3995.005,402,0.806
2026-07-14 00:05:00,2026-07-14 05:35:00,3994.565,3994.96,3992.105,3992.955,450,0.808
2026-07-14 00:06:00,2026-07-14 05:36:00,3992.945,3993.775,3990.18,3991.825,455,0.828
2026-07-14 00:07:00,2026-07-14 05:37:00,3991.885,3992.505,3983.715,3990.535,486,0.862
2026-07-14 00:08:00,2026-07-14 05:38:00,3990.505,3992.1,3989.895,3991.45,326,0.801
2026-07-14 00:09:00,2026-07-14 05:39:00,3991.43,3995.44,3991.43,3995.0,361,0.803
2026-07-14 00:10:00,2026-07-14 05:40:00,3995.17,3998.86,3994.84,3998.47,423,0.831
2026-07-14 00:11:00,2026-07-14 05:41:00,3998.475,3998.75,3995.78,3998.205,411,0.829
2026-07-14 00:12:00,2026-07-14 05:42:00,3998.235,3999.015,3994.915,3994.925,397,0.782
2026-07-14 00:13:00,2026-07-14 05:43:00,3994.955,3995.15,3991.37,3993.735,439,0.813
2026-07-14 00:14:00,2026-07-14 05:44:00,3993.615,3995.78,3993.565,3995.58,299,0.795
2026-07-14 00:15:00,2026-07-14 05:45:00,3995.1,3996.185,3991.26,3992.11,363,0.806
2026-07-14 00:16:00,2026-07-14 05:46:00,3991.93,3993.43,3991.24,3991.58,385,0.802
2026-07-14 00:17:00,2026-07-14 05:47:00,3991.68,3991.98,3990.305,3991.435,404,0.849
2026-07-14 00:18:00,2026-07-14 05:48:00,3991.415,3992.025,3990.545,3991.965,417,0.83
2026-07-14 00:19:00,2026-07-14 05:49:00,3992.0,3992.435,3987.435,3987.875,423,0.816
2026-07-14 00:20:00,2026-07-14 05:50:00,3987.925,3988.53,3986.045,3987.605,471,0.805
2026-07-14 00:21:00,2026-07-14 05:51:00,3987.635,3990.505,3987.495,3989.58,404,0.802
2026-07-14 00:22:00,2026-07-14 05:52:00,3989.455,3989.895,3988.46,3989.29,397,0.805
2026-07-14 00:23:00,2026-07-14 05:53:00,3989.32,3989.32,3985.46,3987.04,471,0.806
2026-07-14 00:24:00,2026-07-14 05:54:00,3987.01,3991.0,3986.575,3990.56,477,0.808
2026-07-14 00:25:00,2026-07-14 05:55:00,3990.7,3990.74,3989.42,3990.4,312,0.807
2026-07-14 00:26:00,2026-07-14 05:56:00,3990.435,3991.26,3989.625,3990.06,324,0.796
2026-07-14 00:27:00,2026-07-14 05:57:00,3990.09,3992.77,3989.0,3992.53,279,0.79
2026-07-14 00:28:00,2026-07-14 05:58:00,3992.75,3996.555,3992.11,3995.545,333,0.805
2026-07-14 00:29:00,2026-07-14 05:59:00,3995.56,3997.135,3994.915,3995.485,328,0.783
2026-07-14 00:30:00,2026-07-14 06:00:00,3995.505,3998.045,3994.855,3994.945,383,0.796
2026-07-14 00:31:00,2026-07-14 06:01:00,3994.97,3997.14,3994.58,3996.64,367,0.843
2026-07-14 00:32:00,2026-07-14 06:02:00,3996.655,3999.705,3996.095,3999.705,423,0.839
2026-07-14 00:33:00,2026-07-14 06:03:00,3999.585,4002.295,3998.605,4001.84,403,0.82
2026-07-14 00:34:00,2026-07-14 06:04:00,4001.75,4006.63,4001.75,4005.08,414,0.807
2026-07-14 00:35:00,2026-07-14 06:05:00,4004.99,4007.155,4004.035,4006.105,385,0.815
2026-07-14 00:36:00,2026-07-14 06:06:00,4006.28,4006.485,4002.425,4002.585,378,0.801
2026-07-14 00:37:00,2026-07-14 06:07:00,4002.555,4005.175,4002.555,4004.93,362,0.8
2026-07-14 00:38:00,2026-07-14 06:08:00,4004.91,4005.13,4003.35,4004.635,303,0.796
2026-07-14 00:39:00,2026-07-14 06:09:00,4004.615,4004.79,4002.45,4003.345,348,0.798
2026-07-14 00:40:00,2026-07-14 06:10:00,4003.415,4005.925,4002.705,4003.665,408,0.801
2026-07-14 00:41:00,2026-07-14 06:11:00,4003.685,4004.2,4000.375,4000.55,376,0.806
2026-07-14 00:42:00,2026-07-14 06:12:00,4000.67,4001.94,4000.17,4001.71,295,0.8
2026-07-14 00:43:00,2026-07-14 06:13:00,4001.73,4001.94,4000.5,4000.64,250,0.79
2026-07-14 00:44:00,2026-07-14 06:14:00,4000.68,4003.37,3999.27,4002.87,350,0.81
2026-07-14 00:45:00,2026-07-14 06:15:00,4002.94,4007.325,4002.7,4006.025,535,0.809
2026-07-14 00:46:00,2026-07-14 06:16:00,4005.995,4006.065,4002.475,4002.58,428,0.898
2026-07-14 00:47:00,2026-07-14 06:17:00,4002.555,4003.05,4000.345,4001.565,365,0.955
2026-07-14 00:48:00,2026-07-14 06:18:00,4001.96,4003.145,4001.02,4003.1,360,0.892
2026-07-14 00:49:00,2026-07-14 06:19:00,4003.09,4004.105,4002.18,4002.53,372,0.854
2026-07-14 00:50:00,2026-07-14 06:20:00,4002.63,4005.855,4002.39,4004.28,409,0.839
2026-07-14 00:51:00,2026-07-14 06:21:00,4004.3,4005.235,4003.165,4005.005,355,0.823
2026-07-14 00:52:00,2026-07-14 06:22:00,4004.965,4005.125,4003.475,4003.475,331,0.818
2026-07-14 00:53:00,2026-07-14 06:23:00,4003.48,4004.465,4002.715,4002.87,400,0.816
2026-07-14 00:54:00,2026-07-14 06:24:00,4002.89,4005.065,4002.325,4004.335,394,0.814
2026-07-14 00:55:00,2026-07-14 06:25:00,4004.4,4007.44,4003.855,4006.84,363,0.798
2026-07-14 00:56:00,2026-07-14 06:26:00,4006.76,4007.185,4003.045,4005.145,386,0.823
2026-07-14 00:57:00,2026-07-14 06:27:00,4005.17,4006.465,4004.155,4006.1,272,0.826
2026-07-14 00:58:00,2026-07-14 06:28:00,4005.965,4007.47,4005.595,4006.065,285,0.813
2026-07-14 00:59:00,2026-07-14 06:29:00,4006.165,4006.545,4003.825,4004.225,339,0.824
2026-07-14 01:00:00,2026-07-14 06:30:00,4004.28,4004.495,3996.585,3998.965,623,0.818
2026-07-14 01:01:00,2026-07-14 06:31:00,3999.24,3999.365,3994.025,3994.74,543,0.803
2026-07-14 01:02:00,2026-07-14 06:32:00,3994.69,3995.665,3992.045,3993.625,529,0.808
2026-07-14 01:03:00,2026-07-14 06:33:00,3993.505,3997.72,3993.05,3997.365,581,0.784
2026-07-14 01:04:00,2026-07-14 06:34:00,3997.275,3999.005,3996.64,3998.77,456,0.781
2026-07-14 01:05:00,2026-07-14 06:35:00,3998.97,4000.13,3996.28,3997.08,525,0.783
2026-07-14 01:06:00,2026-07-14 06:36:00,3997.005,3998.385,3993.635,3994.11,574,0.789
2026-07-14 01:07:00,2026-07-14 06:37:00,3994.09,3997.045,3992.875,3993.275,554,0.785
2026-07-14 01:08:00,2026-07-14 06:38:00,3993.215,3995.725,3992.47,3995.61,522,0.77
2026-07-14 01:09:00,2026-07-14 06:39:00,3995.575,3995.705,3993.81,3995.175,378,0.784
2026-07-14 01:10:00,2026-07-14 06:40:00,3994.985,3995.61,3993.54,3994.7,407,0.783
2026-07-14 01:11:00,2026-07-14 06:41:00,3994.56,3996.19,3993.2,3995.04,443,0.795
2026-07-14 01:12:00,2026-07-14 06:42:00,3995.01,3996.8,3993.325,3996.625,506,0.789
2026-07-14 01:13:00,2026-07-14 06:43:00,3996.73,3999.12,3995.875,3996.395,415,0.791
2026-07-14 01:14:00,2026-07-14 06:44:00,3996.285,3997.59,3995.065,3995.4,391,0.804
2026-07-14 01:15:00,2026-07-14 06:45:00,3995.435,3999.15,3995.2,3998.65,431,0.806
2026-07-14 01:16:00,2026-07-14 06:46:00,3998.78,4000.165,3997.92,3999.43,448,0.782
2026-07-14 01:17:00,2026-07-14 06:47:00,3999.485,4003.015,3998.31,4002.455,453,0.777
2026-07-14 01:18:00,2026-07-14 06:48:00,4002.52,4003.595,4001.385,4002.655,381,0.794
2026-07-14 01:19:00,2026-07-14 06:49:00,4002.685,4005.02,4002.31,4003.22,447,0.791
2026-07-14 01:20:00,2026-07-14 06:50:00,4003.295,4003.61,4000.425,4001.155,487,0.774
2026-07-14 01:21:00,2026-07-14 06:51:00,4001.22,4001.765,3998.25,3999.065,430,0.77
2026-07-14 01:22:00,2026-07-14 06:52:00,3999.075,4000.425,3998.19,3998.44,390,0.772
2026-07-14 01:23:00,2026-07-14 06:53:00,3998.5,3999.205,3997.07,3997.75,374,0.779
2026-07-14 01:24:00,2026-07-14 06:54:00,3997.695,3998.33,3997.38,3997.64,324,0.778
2026-07-14 01:25:00,2026-07-14 06:55:00,3997.145,3998.735,3995.6,3997.825,361,0.779
2026-07-14 01:26:00,2026-07-14 06:56:00,3997.845,3998.77,3996.665,3998.55,318,0.765
2026-07-14 01:27:00,2026-07-14 06:57:00,3998.57,3999.685,3996.885,3997.03,396,0.76
2026-07-14 01:28:00,2026-07-14 06:58:00,3997.07,3997.895,3996.375,3997.135,303,0.792
2026-07-14 01:29:00,2026-07-14 06:59:00,3997.125,3997.945,3996.365,3997.945,383,0.758
2026-07-14 01:30:00,2026-07-14 07:00:00,3997.94,3999.875,3996.325,3999.72,509,0.783
2026-07-14 01:31:00,2026-07-14 07:01:00,3999.835,4001.41,3998.73,4000.68,491,0.783
2026-07-14 01:32:00,2026-07-14 07:02:00,4000.66,4004.245,4000.61,4001.68,434,0.783
2026-07-14 01:33:00,2026-07-14 07:03:00,4001.77,4002.37,4000.665,4001.115,448,0.797
2026-07-14 01:34:00,2026-07-14 07:04:00,4001.11,4001.475,3998.58,3998.75,428,0.81
2026-07-14 01:35:00,2026-07-14 07:05:00,3998.74,3998.86,3992.865,3995.495,492,0.774
2026-07-14 01:36:00,2026-07-14 07:06:00,3995.105,3997.485,3995.01,3997.425,497,0.756
2026-07-14 01:37:00,2026-07-14 07:07:00,3997.505,3997.88,3996.66,3997.565,294,0.773
2026-07-14 01:38:00,2026-07-14 07:08:00,3997.595,3998.665,3996.665,3997.58,395,0.771
2026-07-14 01:39:00,2026-07-14 07:09:00,3997.53,3998.165,3996.67,3997.825,415,0.764
2026-07-14 01:40:00,2026-07-14 07:10:00,3997.765,3998.385,3995.23,3995.585,354,0.772
2026-07-14 01:41:00,2026-07-14 07:11:00,3995.62,4000.54,3995.62,4000.265,461,0.733
2026-07-14 01:42:00,2026-07-14 07:12:00,4000.235,4000.795,3998.845,4000.715,351,0.769
2026-07-14 01:43:00,2026-07-14 07:13:00,4000.735,4002.385,4000.09,4000.99,410,0.732
2026-07-14 01:44:00,2026-07-14 07:14:00,4001.125,4002.32,4000.995,4002.115,394,0.767
2026-07-14 01:45:00,2026-07-14 07:15:00,4002.155,4004.045,4000.095,4000.53,424,0.781
2026-07-14 01:46:00,2026-07-14 07:16:00,4000.255,4000.83,3998.9,3999.99,348,0.772
2026-07-14 01:47:00,2026-07-14 07:17:00,3999.75,4001.37,3999.155,4001.16,447,0.733
2026-07-14 01:48:00,2026-07-14 07:18:00,4001.17,4002.35,4000.645,4001.77,410,0.765
2026-07-14 01:49:00,2026-07-14 07:19:00,4001.75,4003.225,4000.55,4002.57,369,0.774
2026-07-14 01:50:00,2026-07-14 07:20:00,4002.56,4003.015,4000.835,4001.07,342,0.767
2026-07-14 01:51:00,2026-07-14 07:21:00,4001.03,4003.34,4000.06,4003.34,333,0.784
2026-07-14 01:52:00,2026-07-14 07:22:00,4003.37,4005.195,4003.185,4004.19,428,0.74
2026-07-14 01:53:00,2026-07-14 07:23:00,4004.155,4004.315,4002.76,4003.595,387,0.792
2026-07-14 01:54:00,2026-07-14 07:24:00,4003.715,4004.845,4003.335,4004.115,359,0.765
2026-07-14 01:55:00,2026-07-14 07:25:00,4004.08,4004.345,4002.235,4003.185,385,0.746
2026-07-14 01:56:00,2026-07-14 07:26:00,4003.155,4003.305,4002.295,4002.89,329,0.755
2026-07-14 01:57:00,2026-07-14 07:27:00,4002.855,4007.45,4002.36,4007.27,433,0.751
2026-07-14 01:58:00,2026-07-14 07:28:00,4007.09,4011.715,4006.72,4011.4,504,0.73
2026-07-14 01:59:00,2026-07-14 07:29:00,4011.145,4012.25,4010.235,4010.8,430,0.788
2026-07-14 02:00:00,2026-07-14 07:30:00,4010.725,4011.29,4008.15,4008.355,447,0.786
2026-07-14 02:01:00,2026-07-14 07:31:00,4008.34,4008.83,4007.535,4007.76,443,0.76
2026-07-14 02:02:00,2026-07-14 07:32:00,4007.775,4008.275,4006.095,4008.275,356,0.751
2026-07-14 02:03:00,2026-07-14 07:33:00,4008.255,4009.84,4008.165,4008.905,363,0.792
2026-07-14 02:04:00,2026-07-14 07:34:00,4008.835,4010.035,4008.665,4009.47,317,0.779
2026-07-14 02:05:00,2026-07-14 07:35:00,4009.485,4010.74,4009.485,4010.02,392,0.761
2026-07-14 02:06:00,2026-07-14 07:36:00,4010.045,4011.025,4008.585,4008.62,397,0.745
2026-07-14 02:07:00,2026-07-14 07:37:00,4008.595,4009.745,4008.31,4009.575,379,0.779
2026-07-14 02:08:00,2026-07-14 07:38:00,4009.545,4011.175,4009.475,4010.665,389,0.791
2026-07-14 02:09:00,2026-07-14 07:39:00,4010.52,4013.34,4010.47,4011.94,388,0.765
2026-07-14 02:10:00,2026-07-14 07:40:00,4011.95,4013.93,4011.725,4013.485,463,0.763
2026-07-14 02:11:00,2026-07-14 07:41:00,4013.495,4016.445,4013.05,4013.11,437,0.758
2026-07-14 02:12:00,2026-07-14 07:42:00,4013.11,4014.08,4011.365,4013.205,356,0.778
2026-07-14 02:13:00,2026-07-14 07:43:00,4013.145,4015.31,4013.14,4014.915,385,0.776
2026-07-14 02:14:00,2026-07-14 07:44:00,4014.745,4018.05,4014.265,4016.845,376,0.767
2026-07-14 02:15:00,2026-07-14 07:45:00,4016.87,4019.05,4015.68,4018.99,371,0.783
2026-07-14 02:16:00,2026-07-14 07:46:00,4018.97,4019.2,4017.495,4017.85,379,0.759
2026-07-14 02:17:00,2026-07-14 07:47:00,4017.855,4017.87,4015.92,4016.24,284,0.756
2026-07-14 02:18:00,2026-07-14 07:48:00,4016.3,4017.085,4015.45,4016.11,265,0.775
2026-07-14 02:19:00,2026-07-14 07:49:00,4016.135,4018.37,4015.11,4018.045,332,0.778
2026-07-14 02:20:00,2026-07-14 07:50:00,4018.07,4018.315,4016.315,4017.225,336,0.778
2026-07-14 02:21:00,2026-07-14 07:51:00,4017.255,4017.48,4015.6,4016.77,308,0.783
2026-07-14 02:22:00,2026-07-14 07:52:00,4016.74,4017.615,4015.76,4015.805,289,0.796
2026-07-14 02:23:00,2026-07-14 07:53:00,4015.7,4016.45,4015.34,4016.075,306,0.783
2026-07-14 02:24:00,2026-07-14 07:54:00,4016.085,4016.155,4014.165,4014.695,270,0.735
2026-07-14 02:25:00,2026-07-14 07:55:00,4014.73,4015.245,4013.88,4015.06,267,0.774
2026-07-14 02:26:00,2026-07-14 07:56:00,4015.04,4015.52,4014.58,4014.795,235,0.762
2026-07-14 02:27:00,2026-07-14 07:57:00,4014.8,4016.94,4014.655,4016.82,280,0.769
2026-07-14 02:28:00,2026-07-14 07:58:00,4016.865,4018.13,4016.055,4017.98,237,0.708
2026-07-14 02:29:00,2026-07-14 07:59:00,4018.04,4018.04,4016.86,4018.0,238,0.726
2026-07-14 02:30:00,2026-07-14 08:00:00,4017.99,4019.26,4016.165,4016.365,433,0.756
2026-07-14 02:31:00,2026-07-14 08:01:00,4016.495,4017.115,4015.265,4017.115,416,0.746
2026-07-14 02:32:00,2026-07-14 08:02:00,4017.14,4018.275,4017.06,4017.665,334,0.785
2026-07-14 02:33:00,2026-07-14 08:03:00,4017.67,4018.05,4015.075,4015.14,308,0.748
2026-07-14 02:34:00,2026-07-14 08:04:00,4015.195,4015.59,4013.63,4014.05,305,0.754
2026-07-14 02:35:00,2026-07-14 08:05:00,4014.09,4015.305,4013.105,4014.815,414,0.767
2026-07-14 02:36:00,2026-07-14 08:06:00,4014.875,4015.705,4014.56,4015.265,289,0.782
2026-07-14 02:37:00,2026-07-14 08:07:00,4015.27,4015.29,4013.875,4013.915,238,0.788
2026-07-14 02:38:00,2026-07-14 08:08:00,4014.11,4014.805,4012.925,4013.165,395,0.767
2026-07-14 02:39:00,2026-07-14 08:09:00,4013.115,4014.48,4012.905,4014.05,221,0.771
2026-07-14 02:40:00,2026-07-14 08:10:00,4014.02,4015.415,4013.88,4015.26,276,0.751
2026-07-14 02:41:00,2026-07-14 08:11:00,4015.21,4016.585,4014.685,4014.85,370,0.733
2026-07-14 02:42:00,2026-07-14 08:12:00,4014.88,4015.075,4012.16,4012.59,293,0.736
2026-07-14 02:43:00,2026-07-14 08:13:00,4012.61,4012.695,4010.905,4011.445,342,0.762
2026-07-14 02:44:00,2026-07-14 08:14:00,4011.435,4011.595,4010.63,4010.94,284,0.711
2026-07-14 02:45:00,2026-07-14 08:15:00,4010.945,4011.765,4010.515,4011.25,305,0.656
2026-07-14 02:46:00,2026-07-14 08:16:00,4011.275,4011.605,4010.745,4011.545,254,0.743
2026-07-14 02:47:00,2026-07-14 08:17:00,4011.555,4012.855,4011.2,4011.675,303,0.715
2026-07-14 02:48:00,2026-07-14 08:18:00,4011.76,4011.77,4010.2,4010.275,352,0.696
2026-07-14 02:49:00,2026-07-14 08:19:00,4010.28,4010.595,4009.595,4010.16,328,0.722
2026-07-14 02:50:00,2026-07-14 08:20:00,4010.13,4010.635,4009.535,4009.775,268,0.675
2026-07-14 02:51:00,2026-07-14 08:21:00,4009.7,4010.115,4009.235,4009.42,301,0.663
2026-07-14 02:52:00,2026-07-14 08:22:00,4009.44,4010.9,4009.02,4010.87,421,0.65
2026-07-14 02:53:00,2026-07-14 08:23:00,4010.86,4011.445,4010.545,4010.975,353,0.665
2026-07-14 02:54:00,2026-07-14 08:24:00,4010.965,4011.45,4010.67,4010.83,265,0.652
2026-07-14 02:55:00,2026-07-14 08:25:00,4010.8,4011.435,4010.545,4011.2,249,0.718
2026-07-14 02:56:00,2026-07-14 08:26:00,4011.13,4011.835,4010.475,4011.165,291,0.699
2026-07-14 02:57:00,2026-07-14 08:27:00,4011.275,4012.505,4011.035,4012.04,258,0.718
2026-07-14 02:58:00,2026-07-14 08:28:00,4012.075,4013.95,4012.075,4013.765,324,0.728
2026-07-14 02:59:00,2026-07-14 08:29:00,4013.785,4013.955,4012.125,4012.385,354,0.723
2026-07-14 03:00:00,2026-07-14 08:30:00,4012.46,4016.86,4012.39,4014.38,430,0.769
2026-07-14 03:01:00,2026-07-14 08:31:00,4014.365,4015.61,4013.795,4014.195,275,0.708
2026-07-14 03:02:00,2026-07-14 08:32:00,4014.225,4014.81,4013.3,4013.93,275,0.731
2026-07-14 03:03:00,2026-07-14 08:33:00,4013.885,4013.985,4012.36,4012.575,321,0.671
2026-07-14 03:04:00,2026-07-14 08:34:00,4012.705,4014.695,4012.65,4014.685,304,0.642
2026-07-14 03:05:00,2026-07-14 08:35:00,4014.665,4014.995,4013.245,4014.07,311,0.754
2026-07-14 03:06:00,2026-07-14 08:36:00,4014.175,4016.315,4014.175,4015.935,281,0.723
2026-07-14 03:07:00,2026-07-14 08:37:00,4015.935,4016.865,4015.62,4015.79,326,0.73
2026-07-14 03:08:00,2026-07-14 08:38:00,4015.715,4015.795,4014.23,4014.355,216,0.678
2026-07-14 03:09:00,2026-07-14 08:39:00,4014.43,4014.655,4013.83,4014.28,237,0.713
2026-07-14 03:10:00,2026-07-14 08:40:00,4014.29,4014.755,4013.15,4014.755,228,0.77
2026-07-14 03:11:00,2026-07-14 08:41:00,4014.71,4015.68,4014.65,4014.705,282,0.731
2026-07-14 03:12:00,2026-07-14 08:42:00,4014.82,4014.83,4014.005,4014.55,284,0.71
2026-07-14 03:13:00,2026-07-14 08:43:00,4014.57,4014.645,4013.36,4013.415,316,0.674
2026-07-14 03:14:00,2026-07-14 08:44:00,4013.32,4014.395,4012.135,4014.35,392,0.742
2026-07-14 03:15:00,2026-07-14 08:45:00,4014.25,4014.92,4013.325,4014.425,305,0.766
2026-07-14 03:16:00,2026-07-14 08:46:00,4014.46,4015.55,4014.235,4014.48,289,0.759
2026-07-14 03:17:00,2026-07-14 08:47:00,4014.485,4015.02,4012.42,4012.42,291,0.733
2026-07-14 03:18:00,2026-07-14 08:48:00,4012.31,4013.645,4012.31,4012.95,299,0.676
2026-07-14 03:19:00,2026-07-14 08:49:00,4012.965,4013.985,4012.185,4013.495,289,0.707
2026-07-14 03:20:00,2026-07-14 08:50:00,4013.415,4013.415,4012.025,4012.07,312,0.635
2026-07-14 03:21:00,2026-07-14 08:51:00,4012.1,4012.59,4011.15,4011.87,246,0.665
2026-07-14 03:22:00,2026-07-14 08:52:00,4011.795,4012.535,4011.34,4012.535,230,0.77
2026-07-14 03:23:00,2026-07-14 08:53:00,4012.43,4015.905,4012.37,4015.745,342,0.783
2026-07-14 03:24:00,2026-07-14 08:54:00,4015.86,4016.705,4015.26,4015.88,285,0.768
2026-07-14 03:25:00,2026-07-14 08:55:00,4015.93,4017.365,4015.665,4016.58,267,0.765
2026-07-14 03:26:00,2026-07-14 08:56:00,4016.69,4017.0,4015.305,4015.88,261,0.771
2026-07-14 03:27:00,2026-07-14 08:57:00,4015.87,4018.835,4015.66,4018.745,306,0.762
2026-07-14 03:28:00,2026-07-14 08:58:00,4018.74,4018.78,4016.47,4017.32,279,0.767
2026-07-14 03:29:00,2026-07-14 08:59:00,4017.315,4018.045,4017.015,4017.985,232,0.781
2026-07-14 03:30:00,2026-07-14 09:00:00,4018.095,4019.135,4017.39,4018.02,314,0.81
2026-07-14 03:31:00,2026-07-14 09:01:00,4017.92,4018.64,4017.085,4018.125,256,0.781
2026-07-14 03:32:00,2026-07-14 09:02:00,4018.055,4019.055,4016.945,4017.09,305,0.781
2026-07-14 03:33:00,2026-07-14 09:03:00,4017.095,4017.295,4016.08,4016.98,266,0.794
2026-07-14 03:34:00,2026-07-14 09:04:00,4016.965,4016.965,4014.65,4015.08,291,0.796
2026-07-14 03:35:00,2026-07-14 09:05:00,4015.195,4015.745,4014.725,4015.585,246,0.8
2026-07-14 03:36:00,2026-07-14 09:06:00,4015.52,4015.895,4014.815,4014.985,210,0.76
2026-07-14 03:37:00,2026-07-14 09:07:00,4015.025,4017.505,4015.005,4017.385,325,0.769
2026-07-14 03:38:00,2026-07-14 09:08:00,4017.355,4017.86,4015.53,4015.62,268,0.764
2026-07-14 03:39:00,2026-07-14 09:09:00,4015.525,4015.935,4014.895,4015.39,236,0.761
2026-07-14 03:40:00,2026-07-14 09:10:00,4015.345,4016.095,4015.025,4015.435,260,0.789
2026-07-14 03:41:00,2026-07-14 09:11:00,4015.445,4016.185,4014.81,4014.875,239,0.791
2026-07-14 03:42:00,2026-07-14 09:12:00,4015.065,4015.415,4013.945,4015.15,208,0.791
2026-07-14 03:43:00,2026-07-14 09:13:00,4015.24,4015.62,4014.86,4015.365,189,0.772
2026-07-14 03:44:00,2026-07-14 09:14:00,4015.24,4016.31,4014.92,4015.305,281,0.759
2026-07-14 03:45:00,2026-07-14 09:15:00,4015.415,4016.375,4015.01,4015.925,236,0.768
2026-07-14 03:46:00,2026-07-14 09:16:00,4015.955,4015.98,4015.33,4015.685,125,0.775
2026-07-14 03:47:00,2026-07-14 09:17:00,4015.645,4016.61,4015.57,4016.165,175,0.764
2026-07-14 03:48:00,2026-07-14 09:18:00,4016.085,4016.865,4015.205,4016.375,229,0.749
2026-07-14 03:49:00,2026-07-14 09:19:00,4016.335,4016.775,4015.565,4015.565,175,0.77
2026-07-14 03:50:00,2026-07-14 09:20:00,4015.61,4016.245,4015.405,4015.915,242,0.78
2026-07-14 03:51:00,2026-07-14 09:21:00,4015.92,4017.725,4015.54,4017.315,206,0.76
2026-07-14 03:52:00,2026-07-14 09:22:00,4017.375,4017.505,4016.38,4017.185,188,0.75
2026-07-14 03:53:00,2026-07-14 09:23:00,4017.23,4018.235,4016.91,4017.435,189,0.77
2026-07-14 03:54:00,2026-07-14 09:24:00,4017.465,4017.815,4017.225,4017.775,187,0.735
2026-07-14 03:55:00,2026-07-14 09:25:00,4017.71,4017.99,4016.485,4016.84,214,0.757
2026-07-14 03:56:00,2026-07-14 09:26:00,4016.91,4017.645,4016.43,4016.45,197,0.76
2026-07-14 03:57:00,2026-07-14 09:27:00,4016.47,4016.815,4015.17,4015.28,176,0.729
2026-07-14 03:58:00,2026-07-14 09:28:00,4015.2,4016.345,4014.58,4016.155,153,0.792
2026-07-14 03:59:00,2026-07-14 09:29:00,4016.065,4016.905,4015.85,4016.87,119,0.776
2026-07-14 04:00:00,2026-07-14 09:30:00,4016.9,4018.675,4016.865,4018.675,253,0.784
2026-07-14 04:01:00,2026-07-14 09:31:00,4018.635,4018.975,4016.045,4016.115,224,0.754
2026-07-14 04:02:00,2026-07-14 09:32:00,4016.115,4017.38,4016.005,4016.945,274,0.786
2026-07-14 04:03:00,2026-07-14 09:33:00,4016.885,4017.705,4016.45,4017.63,201,0.784
2026-07-14 04:04:00,2026-07-14 09:34:00,4017.645,4018.065,4016.625,4017.17,230,0.789
2026-07-14 04:05:00,2026-07-14 09:35:00,4017.205,4017.735,4016.665,4016.99,204,0.777
2026-07-14 04:06:00,2026-07-14 09:36:00,4016.935,4017.15,4016.425,4017.125,122,0.771
2026-07-14 04:07:00,2026-07-14 09:37:00,4017.145,4017.17,4016.605,4016.785,164,0.765
2026-07-14 04:08:00,2026-07-14 09:38:00,4016.765,4016.985,4015.98,4016.095,197,0.773
2026-07-14 04:09:00,2026-07-14 09:39:00,4015.925,4016.455,4015.115,4015.185,195,0.763
2026-07-14 04:10:00,2026-07-14 09:40:00,4015.285,4015.795,4014.175,4014.54,170,0.77
2026-07-14 04:11:00,2026-07-14 09:41:00,4014.755,4015.055,4013.555,4014.035,268,0.782
2026-07-14 04:12:00,2026-07-14 09:42:00,4014.055,4014.66,4013.595,4013.9,193,0.769
2026-07-14 04:13:00,2026-07-14 09:43:00,4013.885,4015.315,4013.58,4015.22,220,0.77
2026-07-14 04:14:00,2026-07-14 09:44:00,4015.2,4016.455,4014.895,4015.845,225,0.779
2026-07-14 04:15:00,2026-07-14 09:45:00,4015.945,4016.455,4015.12,4016.245,242,0.781
2026-07-14 04:16:00,2026-07-14 09:46:00,4016.265,4016.285,4015.365,4015.915,222,0.79
2026-07-14 04:17:00,2026-07-14 09:47:00,4015.975,4015.98,4014.255,4014.725,201,0.769
2026-07-14 04:18:00,2026-07-14 09:48:00,4014.705,4015.525,4014.24,4015.475,177,0.767
2026-07-14 04:19:00,2026-07-14 09:49:00,4015.545,4015.945,4015.155,4015.155,153,0.775
2026-07-14 04:20:00,2026-07-14 09:50:00,4015.11,4016.24,4014.95,4016.08,172,0.766
2026-07-14 04:21:00,2026-07-14 09:51:00,4016.105,4016.3,4014.08,4014.925,171,0.768
2026-07-14 04:22:00,2026-07-14 09:52:00,4014.945,4015.675,4014.865,4015.485,132,0.718
2026-07-14 04:23:00,2026-07-14 09:53:00,4015.485,4016.205,4014.97,4015.105,142,0.756
2026-07-14 04:24:00,2026-07-14 09:54:00,4015.06,4016.075,4014.355,4015.575,182,0.745
2026-07-14 04:25:00,2026-07-14 09:55:00,4015.615,4016.5,4015.36,4015.955,169,0.766
2026-07-14 04:26:00,2026-07-14 09:56:00,4015.985,4017.4,4015.985,4016.96,186,0.774
2026-07-14 04:27:00,2026-07-14 09:57:00,4016.945,4017.52,4016.6,4016.745,152,0.776
2026-07-14 04:28:00,2026-07-14 09:58:00,4016.64,4016.67,4015.82,4016.25,94,0.751
2026-07-14 04:29:00,2026-07-14 09:59:00,4016.32,4016.87,4015.75,4015.84,147,0.769
2026-07-14 04:30:00,2026-07-14 10:00:00,4015.82,4016.98,4015.74,4016.98,190,0.756
2026-07-14 04:31:00,2026-07-14 10:01:00,4016.825,4019.445,4016.58,4019.255,221,0.75
2026-07-14 04:32:00,2026-07-14 10:02:00,4019.295,4022.765,4018.895,4022.765,251,0.775
2026-07-14 04:33:00,2026-07-14 10:03:00,4023.13,4023.13,4020.715,4022.415,257,0.761
2026-07-14 04:34:00,2026-07-14 10:04:00,4022.375,4022.41,4021.155,4021.84,161,0.802
2026-07-14 04:35:00,2026-07-14 10:05:00,4021.885,4022.375,4021.485,4022.225,188,0.767
2026-07-14 04:36:00,2026-07-14 10:06:00,4022.35,4023.73,4022.115,4023.185,247,0.753
2026-07-14 04:37:00,2026-07-14 10:07:00,4023.195,4023.45,4022.175,4022.265,201,0.734
2026-07-14 04:38:00,2026-07-14 10:08:00,4022.11,4022.445,4021.185,4022.085,204,0.773
2026-07-14 04:39:00,2026-07-14 10:09:00,4022.055,4022.235,4021.28,4022.065,195,0.794
2026-07-14 04:40:00,2026-07-14 10:10:00,4022.085,4022.54,4021.53,4021.61,190,0.761
2026-07-14 04:41:00,2026-07-14 10:11:00,4021.59,4022.38,4020.94,4021.15,172,0.703
2026-07-14 04:42:00,2026-07-14 10:12:00,4021.22,4022.26,4020.745,4021.005,203,0.748
2026-07-14 04:43:00,2026-07-14 10:13:00,4020.985,4021.74,4020.755,4021.51,219,0.731
2026-07-14 04:44:00,2026-07-14 10:14:00,4021.525,4021.76,4020.595,4020.625,148,0.766
2026-07-14 04:45:00,2026-07-14 10:15:00,4020.56,4021.06,4019.975,4020.88,176,0.79
2026-07-14 04:46:00,2026-07-14 10:16:00,4020.845,4021.07,4020.245,4020.58,151,0.705
2026-07-14 04:47:00,2026-07-14 10:17:00,4020.61,4020.61,4019.815,4019.925,148,0.723
2026-07-14 04:48:00,2026-07-14 10:18:00,4019.985,4019.985,4019.115,4019.535,231,0.665
2026-07-14 04:49:00,2026-07-14 10:19:00,4019.55,4019.605,4017.96,4017.96,215,0.665
2026-07-14 04:50:00,2026-07-14 10:20:00,4017.885,4018.155,4016.075,4016.71,240,0.734
2026-07-14 04:51:00,2026-07-14 10:21:00,4016.8,4019.51,4016.46,4018.63,295,0.726
2026-07-14 04:52:00,2026-07-14 10:22:00,4018.61,4019.705,4018.125,4019.61,186,0.767
2026-07-14 04:53:00,2026-07-14 10:23:00,4019.6,4020.215,4019.025,4019.9,203,0.774
2026-07-14 04:54:00,2026-07-14 10:24:00,4019.895,4020.195,4019.4,4019.925,126,0.787
2026-07-14 04:55:00,2026-07-14 10:25:00,4019.89,4020.225,4018.585,4018.735,179,0.798
2026-07-14 04:56:00,2026-07-14 10:26:00,4018.755,4019.255,4017.815,4018.795,185,0.788
2026-07-14 04:57:00,2026-07-14 10:27:00,4018.845,4020.02,4018.425,4019.925,143,0.771
2026-07-14 04:58:00,2026-07-14 10:28:00,4019.95,4021.495,4019.605,4021.025,226,0.774
2026-07-14 04:59:00,2026-07-14 10:29:00,4020.975,4021.365,4020.25,4020.435,199,0.804
2026-07-14 05:00:00,2026-07-14 10:30:00,4020.73,4022.175,4020.49,4021.95,291,0.757
2026-07-14 05:01:00,2026-07-14 10:31:00,4021.97,4022.96,4020.855,4021.5,303,0.757
2026-07-14 05:02:00,2026-07-14 10:32:00,4021.48,4022.225,4020.4,4020.58,233,0.766
2026-07-14 05:03:00,2026-07-14 10:33:00,4020.605,4021.46,4020.255,4021.135,209,0.775
2026-07-14 05:04:00,2026-07-14 10:34:00,4021.095,4021.195,4019.835,4019.855,167,0.778
2026-07-14 05:05:00,2026-07-14 10:35:00,4019.83,4021.995,4019.73,4021.995,176,0.76
2026-07-14 05:06:00,2026-07-14 10:36:00,4021.93,4022.25,4021.26,4021.485,268,0.763
2026-07-14 05:07:00,2026-07-14 10:37:00,4021.53,4022.58,4021.38,4022.55,139,0.77
2026-07-14 05:08:00,2026-07-14 10:38:00,4022.56,4022.665,4021.92,4022.64,145,0.736
2026-07-14 05:09:00,2026-07-14 10:39:00,4022.53,4023.18,4022.4,4022.865,131,0.778
2026-07-14 05:10:00,2026-07-14 10:40:00,4022.915,4023.745,4022.68,4023.605,149,0.744
2026-07-14 05:11:00,2026-07-14 10:41:00,4023.475,4023.93,4022.58,4023.365,219,0.766
2026-07-14 05:12:00,2026-07-14 10:42:00,4023.32,4023.73,4022.935,4023.195,162,0.774
2026-07-14 05:13:00,2026-07-14 10:43:00,4023.21,4023.425,4022.325,4023.05,164,0.77
2026-07-14 05:14:00,2026-07-14 10:44:00,4023.065,4023.56,4022.635,4023.15,167,0.769
2026-07-14 05:15:00,2026-07-14 10:45:00,4023.115,4024.085,4023.085,4024.08,187,0.736
2026-07-14 05:16:00,2026-07-14 10:46:00,4024.06,4024.175,4020.84,4020.84,211,0.742
2026-07-14 05:17:00,2026-07-14 10:47:00,4020.86,4021.035,4020.02,4020.73,241,0.773
2026-07-14 05:18:00,2026-07-14 10:48:00,4020.68,4021.435,4020.17,4020.22,196,0.757
2026-07-14 05:19:00,2026-07-14 10:49:00,4020.06,4021.6,4019.96,4021.55,162,0.721
2026-07-14 05:20:00,2026-07-14 10:50:00,4021.53,4021.9,4021.15,4021.34,142,0.771
2026-07-14 05:21:00,2026-07-14 10:51:00,4021.085,4022.64,4021.01,4022.52,190,0.769
2026-07-14 05:22:00,2026-07-14 10:52:00,4022.48,4022.67,4021.635,4021.84,188,0.77
2026-07-14 05:23:00,2026-07-14 10:53:00,4021.87,4022.3,4021.01,4021.305,172,0.776
2026-07-14 05:24:00,2026-07-14 10:54:00,4021.16,4021.675,4020.64,4020.89,163,0.765
2026-07-14 05:25:00,2026-07-14 10:55:00,4020.88,4022.465,4020.54,4022.3,194,0.77
2026-07-14 05:26:00,2026-07-14 10:56:00,4022.515,4022.98,4022.0,4022.88,191,0.778
2026-07-14 05:27:00,2026-07-14 10:57:00,4022.85,4022.85,4022.11,4022.655,184,0.765
2026-07-14 05:28:00,2026-07-14 10:58:00,4022.63,4023.41,4021.945,4023.215,177,0.781
2026-07-14 05:29:00,2026-07-14 10:59:00,4022.985,4023.405,4022.175,4022.77,147,0.794
2026-07-14 05:30:00,2026-07-14 11:00:00,4022.955,4027.085,4022.645,4024.81,476,0.815
2026-07-14 05:31:00,2026-07-14 11:01:00,4024.79,4027.035,4024.555,4026.58,480,0.78
2026-07-14 05:32:00,2026-07-14 11:02:00,4026.655,4028.795,4026.285,4028.59,476,0.733
2026-07-14 05:33:00,2026-07-14 11:03:00,4028.605,4030.185,4027.945,4030.035,448,0.766
2026-07-14 05:34:00,2026-07-14 11:04:00,4030.055,4030.265,4028.1,4028.62,446,0.784
2026-07-14 05:35:00,2026-07-14 11:05:00,4028.605,4030.54,4028.195,4029.555,438,0.753
2026-07-14 05:36:00,2026-07-14 11:06:00,4029.515,4030.455,4029.31,4030.405,391,0.765
2026-07-14 05:37:00,2026-07-14 11:07:00,4030.385,4030.385,4028.9,4028.9,311,0.782
2026-07-14 05:38:00,2026-07-14 11:08:00,4028.865,4031.025,4028.865,4029.265,352,0.736
2026-07-14 05:39:00,2026-07-14 11:09:00,4029.235,4029.645,4027.355,4028.05,295,0.769
2026-07-14 05:40:00,2026-07-14 11:10:00,4028.035,4029.34,4027.755,4029.14,260,0.758
2026-07-14 05:41:00,2026-07-14 11:11:00,4029.12,4031.41,4028.455,4030.965,316,0.758
2026-07-14 05:42:00,2026-07-14 11:12:00,4030.955,4032.68,4030.88,4031.745,302,0.782
2026-07-14 05:43:00,2026-07-14 11:13:00,4031.645,4033.52,4030.48,4033.395,394,0.761
2026-07-14 05:44:00,2026-07-14 11:14:00,4033.315,4034.415,4031.53,4032.19,345,0.76
2026-07-14 05:45:00,2026-07-14 11:15:00,4032.1,4032.79,4031.26,4031.82,401,0.767
2026-07-14 05:46:00,2026-07-14 11:16:00,4031.78,4031.86,4029.6,4029.85,378,0.769
2026-07-14 05:47:00,2026-07-14 11:17:00,4029.895,4030.77,4029.815,4030.5,319,0.788
2026-07-14 05:48:00,2026-07-14 11:18:00,4030.535,4031.875,4030.435,4030.865,289,0.789
2026-07-14 05:49:00,2026-07-14 11:19:00,4030.91,4031.685,4030.285,4030.825,272,0.763
2026-07-14 05:50:00,2026-07-14 11:20:00,4030.845,4031.265,4029.775,4030.59,278,0.733
2026-07-14 05:51:00,2026-07-14 11:21:00,4030.565,4030.7,4029.17,4029.915,312,0.764
2026-07-14 05:52:00,2026-07-14 11:22:00,4029.88,4030.695,4029.535,4030.54,330,0.762
2026-07-14 05:53:00,2026-07-14 11:23:00,4030.435,4031.305,4029.775,4031.045,285,0.775
2026-07-14 05:54:00,2026-07-14 11:24:00,4031.095,4031.375,4030.58,4030.91,247,0.775
2026-07-14 05:55:00,2026-07-14 11:25:00,4031.125,4031.775,4030.225,4031.665,332,0.753
2026-07-14 05:56:00,2026-07-14 11:26:00,4031.695,4032.385,4031.365,4031.52,284,0.759
2026-07-14 05:57:00,2026-07-14 11:27:00,4031.53,4031.755,4030.595,4031.335,273,0.732
2026-07-14 05:58:00,2026-07-14 11:28:00,4031.295,4032.79,4031.08,4031.355,312,0.743
2026-07-14 05:59:00,2026-07-14 11:29:00,4031.365,4032.21,4030.795,4031.535,311,0.75
2026-07-14 06:00:00,2026-07-14 11:30:00,4031.505,4032.475,4030.515,4030.785,378,0.667
2026-07-14 06:01:00,2026-07-14 11:31:00,4030.78,4031.955,4030.565,4030.745,306,0.673
2026-07-14 06:02:00,2026-07-14 11:32:00,4030.685,4031.43,4030.335,4031.105,250,0.67
2026-07-14 06:03:00,2026-07-14 11:33:00,4031.08,4031.08,4029.68,4029.775,209,0.679
2026-07-14 06:04:00,2026-07-14 11:34:00,4029.76,4030.385,4029.14,4030.03,225,0.662
2026-07-14 06:05:00,2026-07-14 11:35:00,4029.99,4031.14,4029.985,4030.35,209,0.654
2026-07-14 06:06:00,2026-07-14 11:36:00,4030.33,4030.625,4028.81,4029.815,240,0.669
2026-07-14 06:07:00,2026-07-14 11:37:00,4029.855,4031.96,4029.66,4031.96,213,0.666
2026-07-14 06:08:00,2026-07-14 11:38:00,4031.98,4032.3,4030.625,4031.04,229,0.664
2026-07-14 06:09:00,2026-07-14 11:39:00,4031.02,4032.01,4030.78,4031.94,192,0.664
2026-07-14 06:10:00,2026-07-14 11:40:00,4032.05,4033.215,4031.425,4032.68,233,0.678
2026-07-14 06:11:00,2026-07-14 11:41:00,4032.655,4032.67,4031.755,4031.935,227,0.677
2026-07-14 06:12:00,2026-07-14 11:42:00,4031.975,4032.175,4030.665,4031.55,276,0.695
2026-07-14 06:13:00,2026-07-14 11:43:00,4031.52,4032.16,4031.135,4031.245,202,0.672
2026-07-14 06:14:00,2026-07-14 11:44:00,4031.165,4031.31,4030.45,4030.955,205,0.667
2026-07-14 06:15:00,2026-07-14 11:45:00,4030.995,4031.13,4029.91,4030.795,199,0.681
2026-07-14 06:16:00,2026-07-14 11:46:00,4030.85,4031.13,4029.675,4029.685,221,0.657
2026-07-14 06:17:00,2026-07-14 11:47:00,4029.7,4030.735,4029.505,4030.555,239,0.624
2026-07-14 06:18:00,2026-07-14 11:48:00,4030.495,4030.555,4029.475,4029.735,132,0.669
2026-07-14 06:19:00,2026-07-14 11:49:00,4029.755,4030.275,4028.155,4028.345,204,0.663
2026-07-14 06:20:00,2026-07-14 11:50:00,4028.295,4029.005,4027.84,4028.0,179,0.671
2026-07-14 06:21:00,2026-07-14 11:51:00,4028.05,4028.615,4027.605,4028.43,210,0.667
2026-07-14 06:22:00,2026-07-14 11:52:00,4028.345,4028.345,4026.475,4026.6,251,0.676
2026-07-14 06:23:00,2026-07-14 11:53:00,4026.595,4027.26,4026.525,4026.93,163,0.659
2026-07-14 06:24:00,2026-07-14 11:54:00,4026.95,4027.88,4026.73,4027.84,179,0.661
2026-07-14 06:25:00,2026-07-14 11:55:00,4027.865,4027.865,4025.87,4026.22,226,0.669
2026-07-14 06:26:00,2026-07-14 11:56:00,4026.185,4026.48,4025.3,4025.52,238,0.657
2026-07-14 06:27:00,2026-07-14 11:57:00,4025.545,4026.155,4024.61,4026.095,263,0.661
2026-07-14 06:28:00,2026-07-14 11:58:00,4026.12,4026.44,4024.565,4024.66,225,0.663
2026-07-14 06:29:00,2026-07-14 11:59:00,4024.705,4025.0,4022.99,4023.035,290,0.648
2026-07-14 06:30:00,2026-07-14 12:00:00,4023.015,4024.89,4022.655,4024.81,308,0.661
2026-07-14 06:31:00,2026-07-14 12:01:00,4024.785,4024.995,4023.975,4024.36,210,0.657
2026-07-14 06:32:00,2026-07-14 12:02:00,4024.39,4026.28,4024.36,4025.875,217,0.676
2026-07-14 06:33:00,2026-07-14 12:03:00,4025.9,4025.95,4024.76,4024.805,217,0.679
2026-07-14 06:34:00,2026-07-14 12:04:00,4024.825,4025.785,4024.535,4025.575,220,0.683
2026-07-14 06:35:00,2026-07-14 12:05:00,4025.535,4026.445,4025.255,4025.635,239,0.687
2026-07-14 06:36:00,2026-07-14 12:06:00,4025.67,4026.115,4025.005,4025.065,187,0.683
2026-07-14 06:37:00,2026-07-14 12:07:00,4025.015,4025.245,4023.7,4023.72,271,0.659
2026-07-14 06:38:00,2026-07-14 12:08:00,4023.865,4024.895,4023.035,4023.075,236,0.673
2026-07-14 06:39:00,2026-07-14 12:09:00,4023.175,4024.3,4022.94,4024.115,204,0.68
2026-07-14 06:40:00,2026-07-14 12:10:00,4024.08,4024.08,4021.805,4022.17,270,0.669
2026-07-14 06:41:00,2026-07-14 12:11:00,4022.22,4023.755,4021.975,4023.575,185,0.661
2026-07-14 06:42:00,2026-07-14 12:12:00,4023.605,4024.2,4023.055,4023.34,189,0.693
2026-07-14 06:43:00,2026-07-14 12:13:00,4023.29,4024.235,4022.915,4024.115,179,0.711
2026-07-14 06:44:00,2026-07-14 12:14:00,4024.085,4025.625,4024.08,4025.325,154,0.677
2026-07-14 06:45:00,2026-07-14 12:15:00,4025.355,4025.645,4024.975,4025.615,187,0.656
2026-07-14 06:46:00,2026-07-14 12:16:00,4025.635,4025.975,4024.245,4025.785,220,0.66
2026-07-14 06:47:00,2026-07-14 12:17:00,4025.725,4026.295,4024.925,4026.01,224,0.681
2026-07-14 06:48:00,2026-07-14 12:18:00,4025.9,4025.91,4023.61,4023.675,162,0.656
2026-07-14 06:49:00,2026-07-14 12:19:00,4023.69,4025.065,4023.64,4024.385,164,0.645
2026-07-14 06:50:00,2026-07-14 12:20:00,4024.49,4025.65,4024.415,4025.455,218,0.652
2026-07-14 06:51:00,2026-07-14 12:21:00,4025.395,4026.93,4025.31,4026.345,241,0.65
2026-07-14 06:52:00,2026-07-14 12:22:00,4026.32,4026.36,4024.73,4025.025,202,0.668
2026-07-14 06:53:00,2026-07-14 12:23:00,4024.99,4025.25,4023.865,4024.475,184,0.673
2026-07-14 06:54:00,2026-07-14 12:24:00,4024.43,4024.495,4023.415,4023.505,179,0.682
2026-07-14 06:55:00,2026-07-14 12:25:00,4023.54,4024.65,4023.31,4024.045,186,0.57
2026-07-14 06:56:00,2026-07-14 12:26:00,4024.03,4024.435,4023.045,4023.54,236,0.54
2026-07-14 06:57:00,2026-07-14 12:27:00,4023.66,4024.52,4023.425,4024.01,231,0.503
2026-07-14 06:58:00,2026-07-14 12:28:00,4023.975,4025.095,4023.455,4023.88,303,0.543
2026-07-14 06:59:00,2026-07-14 12:29:00,4023.805,4024.625,4023.775,4023.985,254,0.678
2026-07-14 07:00:00,2026-07-14 12:30:00,4023.965,4023.97,4020.795,4021.415,428,0.677
2026-07-14 07:01:00,2026-07-14 12:31:00,4021.5,4023.35,4021.5,4022.455,325,0.553
2026-07-14 07:02:00,2026-07-14 12:32:00,4022.47,4023.505,4022.325,4023.435,225,0.558
2026-07-14 07:03:00,2026-07-14 12:33:00,4023.465,4024.475,4022.915,4022.98,205,0.547
2026-07-14 07:04:00,2026-07-14 12:34:00,4023.195,4025.935,4022.9,4025.715,300,0.524
2026-07-14 07:05:00,2026-07-14 12:35:00,4025.76,4028.215,4025.69,4027.82,325,0.538
2026-07-14 07:06:00,2026-07-14 12:36:00,4027.815,4028.19,4027.405,4027.845,232,0.544
2026-07-14 07:07:00,2026-07-14 12:37:00,4027.835,4028.485,4027.105,4027.57,211,0.494
2026-07-14 07:08:00,2026-07-14 12:38:00,4027.525,4029.11,4027.45,4028.445,162,0.53
2026-07-14 07:09:00,2026-07-14 12:39:00,4028.18,4029.09,4027.625,4029.02,202,0.496
2026-07-14 07:10:00,2026-07-14 12:40:00,4029.03,4029.05,4027.305,4027.385,282,0.53
2026-07-14 07:11:00,2026-07-14 12:41:00,4027.4,4027.43,4026.08,4026.275,248,0.553
2026-07-14 07:12:00,2026-07-14 12:42:00,4026.29,4027.665,4026.255,4027.42,210,0.543
2026-07-14 07:13:00,2026-07-14 12:43:00,4027.395,4027.885,4024.805,4025.155,276,0.495
2026-07-14 07:14:00,2026-07-14 12:44:00,4025.195,4025.83,4024.57,4024.89,225,0.533
2026-07-14 07:15:00,2026-07-14 12:45:00,4024.88,4027.09,4024.565,4025.785,190,0.534
2026-07-14 07:16:00,2026-07-14 12:46:00,4025.73,4027.34,4025.69,4026.625,219,0.533
2026-07-14 07:17:00,2026-07-14 12:47:00,4026.61,4027.315,4025.83,4027.025,170,0.649
2026-07-14 07:18:00,2026-07-14 12:48:00,4027.0,4027.64,4026.73,4026.91,201,0.655
2026-07-14 07:19:00,2026-07-14 12:49:00,4027.04,4027.835,4026.85,4027.355,183,0.622
2026-07-14 07:20:00,2026-07-14 12:50:00,4027.285,4027.765,4026.245,4027.575,237,0.659
2026-07-14 07:21:00,2026-07-14 12:51:00,4027.565,4028.1,4027.345,4027.56,241,0.687
2026-07-14 07:22:00,2026-07-14 12:52:00,4027.53,4028.65,4026.355,4028.495,215,0.683
2026-07-14 07:23:00,2026-07-14 12:53:00,4028.555,4029.15,4028.07,4029.12,163,0.682
2026-07-14 07:24:00,2026-07-14 12:54:00,4029.25,4030.115,4028.64,4028.665,214,0.689
2026-07-14 07:25:00,2026-07-14 12:55:00,4028.615,4029.62,4027.915,4027.95,178,0.674
2026-07-14 07:26:00,2026-07-14 12:56:00,4027.92,4028.645,4027.745,4027.99,206,0.678
2026-07-14 07:27:00,2026-07-14 12:57:00,4027.935,4029.12,4027.685,4028.625,254,0.689
2026-07-14 07:28:00,2026-07-14 12:58:00,4028.665,4029.025,4028.075,4028.74,213,0.677
2026-07-14 07:29:00,2026-07-14 12:59:00,4028.56,4029.45,4026.13,4026.4,235,0.665
2026-07-14 07:30:00,2026-07-14 13:00:00,4026.45,4026.725,4024.945,4025.285,263,0.655
2026-07-14 07:31:00,2026-07-14 13:01:00,4025.32,4026.09,4025.005,4025.315,242,0.669
2026-07-14 07:32:00,2026-07-14 13:02:00,4025.45,4025.515,4023.805,4023.87,180,0.684
2026-07-14 07:33:00,2026-07-14 13:03:00,4023.915,4025.075,4022.95,4025.035,200,0.69
2026-07-14 07:34:00,2026-07-14 13:04:00,4024.99,4026.12,4024.485,4025.765,207,0.684
2026-07-14 07:35:00,2026-07-14 13:05:00,4025.805,4025.92,4024.85,4025.01,251,0.683
2026-07-14 07:36:00,2026-07-14 13:06:00,4024.97,4026.815,4024.97,4026.66,210,0.683
2026-07-14 07:37:00,2026-07-14 13:07:00,4026.64,4026.965,4025.365,4026.905,228,0.634
2026-07-14 07:38:00,2026-07-14 13:08:00,4026.885,4029.66,4026.685,4029.05,309,0.659
2026-07-14 07:39:00,2026-07-14 13:09:00,4029.12,4029.495,4026.535,4026.625,224,0.676
2026-07-14 07:40:00,2026-07-14 13:10:00,4026.69,4026.705,4025.665,4025.985,208,0.684
2026-07-14 07:41:00,2026-07-14 13:11:00,4025.925,4026.02,4024.775,4024.985,219,0.654
2026-07-14 07:42:00,2026-07-14 13:12:00,4024.93,4025.565,4023.65,4023.925,238,0.651
2026-07-14 07:43:00,2026-07-14 13:13:00,4023.895,4024.08,4023.05,4023.735,250,0.66
2026-07-14 07:44:00,2026-07-14 13:14:00,4023.675,4024.4,4023.395,4023.79,234,0.674
2026-07-14 07:45:00,2026-07-14 13:15:00,4023.825,4024.1,4023.245,4023.325,245,0.663
2026-07-14 07:46:00,2026-07-14 13:16:00,4023.315,4023.585,4022.335,4022.525,213,0.66
2026-07-14 07:47:00,2026-07-14 13:17:00,4022.485,4024.385,4022.465,4023.495,217,0.66
2026-07-14 07:48:00,2026-07-14 13:18:00,4023.605,4023.605,4022.215,4022.765,255,0.663
2026-07-14 07:49:00,2026-07-14 13:19:00,4022.8,4023.525,4022.3,4023.385,311,0.665
2026-07-14 07:50:00,2026-07-14 13:20:00,4023.445,4023.98,4022.665,4023.59,306,0.687
2026-07-14 07:51:00,2026-07-14 13:21:00,4023.685,4023.965,4022.85,4023.115,280,0.686
2026-07-14 07:52:00,2026-07-14 13:22:00,4023.09,4024.51,4021.85,4024.065,322,0.682
2026-07-14 07:53:00,2026-07-14 13:23:00,4024.05,4025.755,4023.775,4025.065,314,0.659
2026-07-14 07:54:00,2026-07-14 13:24:00,4025.025,4026.275,4024.965,4025.35,223,0.655
2026-07-14 07:55:00,2026-07-14 13:25:00,4025.375,4025.85,4023.21,4023.71,275,0.654
2026-07-14 07:56:00,2026-07-14 13:26:00,4023.685,4023.83,4021.67,4022.385,284,0.661
2026-07-14 07:57:00,2026-07-14 13:27:00,4022.345,4022.715,4021.49,4021.755,193,0.661
2026-07-14 07:58:00,2026-07-14 13:28:00,4021.805,4021.925,4020.38,4020.43,249,0.673
2026-07-14 07:59:00,2026-07-14 13:29:00,4020.45,4021.05,4020.195,4020.845,262,0.682
2026-07-14 08:00:00,2026-07-14 13:30:00,4020.765,4021.635,4019.87,4020.825,356,0.684
2026-07-14 08:01:00,2026-07-14 13:31:00,4020.85,4022.535,4019.845,4021.755,336,0.678
2026-07-14 08:02:00,2026-07-14 13:32:00,4021.725,4022.555,4019.23,4019.935,332,0.674
2026-07-14 08:03:00,2026-07-14 13:33:00,4019.885,4019.915,4017.04,4018.39,329,0.688
2026-07-14 08:04:00,2026-07-14 13:34:00,4018.545,4019.12,4018.09,4018.775,321,0.66
2026-07-14 08:05:00,2026-07-14 13:35:00,4019.09,4020.31,4018.74,4019.035,278,0.672
2026-07-14 08:06:00,2026-07-14 13:36:00,4019.11,4019.68,4017.91,4018.095,234,0.687
2026-07-14 08:07:00,2026-07-14 13:37:00,4018.12,4019.055,4017.76,4018.125,360,0.689
2026-07-14 08:08:00,2026-07-14 13:38:00,4018.205,4019.875,4017.265,4017.72,385,0.684
2026-07-14 08:09:00,2026-07-14 13:39:00,4017.79,4018.075,4014.4,4016.035,390,0.634
2026-07-14 08:10:00,2026-07-14 13:40:00,4016.415,4017.82,4016.275,4017.69,214,0.683
2026-07-14 08:11:00,2026-07-14 13:41:00,4017.8,4017.945,4016.33,4016.73,204,0.675
2026-07-14 08:12:00,2026-07-14 13:42:00,4016.66,4017.385,4016.19,4017.365,169,0.68
2026-07-14 08:13:00,2026-07-14 13:43:00,4017.405,4018.055,4017.14,4017.915,195,0.683
2026-07-14 08:14:00,2026-07-14 13:44:00,4017.94,4018.215,4016.48,4017.375,227,0.679
2026-07-14 08:15:00,2026-07-14 13:45:00,4017.42,4018.855,4017.395,4018.715,194,0.684
2026-07-14 08:16:00,2026-07-14 13:46:00,4018.8,4020.595,4018.725,4020.325,196,0.683
2026-07-14 08:17:00,2026-07-14 13:47:00,4020.4,4021.145,4020.17,4020.37,154,0.667
2026-07-14 08:18:00,2026-07-14 13:48:00,4020.27,4020.975,4019.605,4019.905,145,0.661
2026-07-14 08:19:00,2026-07-14 13:49:00,4019.865,4019.94,4018.26,4019.27,197,0.674
2026-07-14 08:20:00,2026-07-14 13:50:00,4019.25,4020.28,4018.525,4019.58,184,0.669
2026-07-14 08:21:00,2026-07-14 13:51:00,4019.63,4019.9,4019.105,4019.84,153,0.669
2026-07-14 08:22:00,2026-07-14 13:52:00,4019.8,4020.83,4019.5,4020.19,162,0.672
2026-07-14 08:23:00,2026-07-14 13:53:00,4020.155,4020.64,4019.92,4020.525,149,0.671
2026-07-14 08:24:00,2026-07-14 13:54:00,4020.485,4020.945,4019.39,4019.74,194,0.667
2026-07-14 08:25:00,2026-07-14 13:55:00,4019.71,4021.245,4019.435,4021.165,169,0.667
2026-07-14 08:26:00,2026-07-14 13:56:00,4021.19,4022.8,4021.07,4022.47,271,0.682
2026-07-14 08:27:00,2026-07-14 13:57:00,4022.525,4022.925,4021.445,4022.275,189,0.683
2026-07-14 08:28:00,2026-07-14 13:58:00,4022.245,4023.19,4022.13,4022.875,235,0.689
2026-07-14 08:29:00,2026-07-14 13:59:00,4022.775,4023.2,4021.565,4021.835,216,0.68
2026-07-14 08:30:00,2026-07-14 14:00:00,4021.795,4024.035,4020.26,4024.035,250,0.615
2026-07-14 08:31:00,2026-07-14 14:01:00,4023.945,4023.945,4022.09,4022.35,162,0.682
2026-07-14 08:32:00,2026-07-14 14:02:00,4022.38,4022.92,4020.73,4020.77,198,0.454
2026-07-14 08:33:00,2026-07-14 14:03:00,4020.685,4020.865,4018.825,4019.295,186,0.447
2026-07-14 08:34:00,2026-07-14 14:04:00,4019.4,4020.1,4019.25,4019.855,157,0.45
2026-07-14 08:35:00,2026-07-14 14:05:00,4019.845,4020.565,4019.105,4019.975,189,0.438
2026-07-14 08:36:00,2026-07-14 14:06:00,4019.955,4021.205,4019.955,4020.02,202,0.45
2026-07-14 08:37:00,2026-07-14 14:07:00,4020.015,4020.06,4019.24,4020.06,147,0.445
2026-07-14 08:38:00,2026-07-14 14:08:00,4020.22,4020.67,4019.85,4020.08,187,0.438
2026-07-14 08:39:00,2026-07-14 14:09:00,4020.085,4020.085,4018.865,4019.505,137,0.447
2026-07-14 08:40:00,2026-07-14 14:10:00,4019.545,4022.625,4018.85,4020.905,269,0.593
2026-07-14 08:41:00,2026-07-14 14:11:00,4020.935,4022.725,4020.935,4021.415,273,0.688
2026-07-14 08:42:00,2026-07-14 14:12:00,4021.395,4021.48,4019.885,4020.67,245,0.505
2026-07-14 08:43:00,2026-07-14 14:13:00,4020.685,4020.695,4019.455,4019.68,240,0.363
2026-07-14 08:44:00,2026-07-14 14:14:00,4019.69,4020.21,4019.42,4019.6,250,0.393
2026-07-14 08:45:00,2026-07-14 14:15:00,4019.435,4020.58,4019.27,4020.56,262,0.386
2026-07-14 08:46:00,2026-07-14 14:16:00,4020.52,4020.945,4019.085,4019.455,243,0.425
2026-07-14 08:47:00,2026-07-14 14:17:00,4019.445,4020.5,4019.445,4020.44,218,0.406
2026-07-14 08:48:00,2026-07-14 14:18:00,4020.165,4020.3,4018.605,4018.94,209,0.391
2026-07-14 08:49:00,2026-07-14 14:19:00,4018.99,4019.325,4018.85,4019.305,190,0.351
2026-07-14 08:50:00,2026-07-14 14:20:00,4019.29,4020.48,4018.99,4019.075,206,0.351
2026-07-14 08:51:00,2026-07-14 14:21:00,4019.035,4019.23,4017.56,4017.875,306,0.356
2026-07-14 08:52:00,2026-07-14 14:22:00,4017.865,4018.625,4017.645,4018.4,219,0.388
2026-07-14 08:53:00,2026-07-14 14:23:00,4018.465,4018.94,4018.19,4018.69,197,0.385
2026-07-14 08:54:00,2026-07-14 14:24:00,4018.725,4020.34,4018.645,4019.565,244,0.407
2026-07-14 08:55:00,2026-07-14 14:25:00,4019.635,4019.98,4017.81,4017.9,220,0.403
2026-07-14 08:56:00,2026-07-14 14:26:00,4017.84,4018.285,4017.33,4017.45,229,0.351
2026-07-14 08:57:00,2026-07-14 14:27:00,4017.425,4017.88,4016.105,4016.155,302,0.353
2026-07-14 08:58:00,2026-07-14 14:28:00,4016.19,4016.94,4016.15,4016.335,250,0.413
2026-07-14 08:59:00,2026-07-14 14:29:00,4016.16,4016.955,4015.935,4015.995,258,0.418
2026-07-14 09:00:00,2026-07-14 14:30:00,4016.02,4016.245,4013.885,4016.225,378,0.408
2026-07-14 09:01:00,2026-07-14 14:31:00,4016.2,4017.635,4015.925,4017.385,304,0.459
2026-07-14 09:02:00,2026-07-14 14:32:00,4017.5,4018.405,4016.405,4018.365,145,0.473
2026-07-14 09:03:00,2026-07-14 14:33:00,4018.055,4018.615,4017.595,4017.835,133,0.476
2026-07-14 09:04:00,2026-07-14 14:34:00,4017.845,4020.105,4017.735,4019.85,199,0.475
2026-07-14 09:05:00,2026-07-14 14:35:00,4019.865,4020.505,4019.315,4020.125,159,0.475
2026-07-14 09:06:00,2026-07-14 14:36:00,4020.105,4020.415,4018.345,4018.635,191,0.463
2026-07-14 09:07:00,2026-07-14 14:37:00,4018.605,4020.175,4018.535,4019.975,164,0.466
2026-07-14 09:08:00,2026-07-14 14:38:00,4020.005,4021.74,4019.875,4021.735,156,0.478
2026-07-14 09:09:00,2026-07-14 14:39:00,4021.745,4021.995,4021.175,4021.26,140,0.467
2026-07-14 09:10:00,2026-07-14 14:40:00,4021.255,4021.895,4020.56,4021.825,127,0.472
2026-07-14 09:11:00,2026-07-14 14:41:00,4021.895,4024.315,4021.805,4023.67,254,0.45
2026-07-14 09:12:00,2026-07-14 14:42:00,4023.675,4024.38,4022.005,4022.175,231,0.451
2026-07-14 09:13:00,2026-07-14 14:43:00,4022.035,4022.035,4019.965,4020.235,204,0.471
2026-07-14 09:14:00,2026-07-14 14:44:00,4020.215,4021.155,4020.085,4020.67,218,0.58
2026-07-14 09:15:00,2026-07-14 14:45:00,4020.715,4020.865,4018.75,4019.37,275,0.631
2026-07-14 09:16:00,2026-07-14 14:46:00,4019.385,4019.96,4019.005,4019.16,206,0.604
2026-07-14 09:17:00,2026-07-14 14:47:00,4019.145,4020.155,4018.65,4019.36,347,0.615
2026-07-14 09:18:00,2026-07-14 14:48:00,4019.335,4019.56,4018.285,4019.13,235,0.586
2026-07-14 09:19:00,2026-07-14 14:49:00,4019.095,4020.715,4019.005,4020.6,285,0.594
2026-07-14 09:20:00,2026-07-14 14:50:00,4020.545,4021.38,4020.19,4021.16,251,0.602
2026-07-14 09:21:00,2026-07-14 14:51:00,4021.17,4021.365,4019.865,4020.185,286,0.589
2026-07-14 09:22:00,2026-07-14 14:52:00,4020.2,4020.85,4019.715,4019.925,202,0.622
2026-07-14 09:23:00,2026-07-14 14:53:00,4019.96,4021.88,4018.915,4019.075,277,0.571
2026-07-14 09:24:00,2026-07-14 14:54:00,4019.085,4019.155,4017.525,4018.505,286,0.552
2026-07-14 09:25:00,2026-07-14 14:55:00,4018.52,4018.805,4018.09,4018.315,188,0.625
2026-07-14 09:26:00,2026-07-14 14:56:00,4018.245,4019.075,4017.735,4017.84,211,0.678
2026-07-14 09:27:00,2026-07-14 14:57:00,4017.81,4018.785,4017.8,4018.38,180,0.654
2026-07-14 09:28:00,2026-07-14 14:58:00,4018.46,4018.755,4017.225,4017.38,188,0.654
2026-07-14 09:29:00,2026-07-14 14:59:00,4017.425,4017.61,4015.165,4015.935,212,0.663
2026-07-14 09:30:00,2026-07-14 15:00:00,4015.805,4017.295,4014.6,4014.655,219,0.678
2026-07-14 09:31:00,2026-07-14 15:01:00,4014.785,4016.31,4014.7,4016.145,189,0.685
2026-07-14 09:32:00,2026-07-14 15:02:00,4016.175,4017.05,4015.335,4015.82,211,0.683
2026-07-14 09:33:00,2026-07-14 15:03:00,4015.725,4016.13,4014.385,4014.99,199,0.68
2026-07-14 09:34:00,2026-07-14 15:04:00,4015.03,4015.03,4013.755,4014.17,186,0.668
2026-07-14 09:35:00,2026-07-14 15:05:00,4014.125,4015.89,4013.89,4015.69,213,0.663
2026-07-14 09:36:00,2026-07-14 15:06:00,4015.635,4016.61,4015.085,4015.18,210,0.654
2026-07-14 09:37:00,2026-07-14 15:07:00,4015.16,4016.025,4014.965,4015.72,161,0.655
2026-07-14 09:38:00,2026-07-14 15:08:00,4015.71,4015.92,4014.895,4015.005,137,0.654
2026-07-14 09:39:00,2026-07-14 15:09:00,4015.09,4016.555,4015.09,4016.325,183,0.653
2026-07-14 09:40:00,2026-07-14 15:10:00,4016.295,4017.51,4015.825,4017.365,201,0.655
2026-07-14 09:41:00,2026-07-14 15:11:00,4017.33,4017.84,4016.41,4016.815,292,0.665
2026-07-14 09:42:00,2026-07-14 15:12:00,4016.8,4017.63,4016.21,4017.295,167,0.667
2026-07-14 09:43:00,2026-07-14 15:13:00,4017.335,4018.275,4016.505,4016.915,216,0.662
2026-07-14 09:44:00,2026-07-14 15:14:00,4017.085,4017.735,4017.035,4017.27,198,0.665
2026-07-14 09:45:00,2026-07-14 15:15:00,4017.305,4018.38,4016.605,4018.335,267,0.665
2026-07-14 09:46:00,2026-07-14 15:16:00,4018.39,4019.545,4018.345,4019.175,224,0.664
2026-07-14 09:47:00,2026-07-14 15:17:00,4019.145,4020.455,4018.535,4020.435,140,0.66
2026-07-14 09:48:00,2026-07-14 15:18:00,4020.465,4021.835,4020.39,4021.675,238,0.668
2026-07-14 09:49:00,2026-07-14 15:19:00,4021.64,4024.105,4020.565,4023.17,277,0.662
2026-07-14 09:50:00,2026-07-14 15:20:00,4023.22,4023.265,4021.79,4023.085,213,0.671
2026-07-14 09:51:00,2026-07-14 15:21:00,4023.135,4023.99,4021.9,4022.61,208,0.675
2026-07-14 09:52:00,2026-07-14 15:22:00,4022.545,4023.13,4021.32,4021.37,259,0.667
2026-07-14 09:53:00,2026-07-14 15:23:00,4021.4,4022.39,4021.24,4021.34,211,0.672
2026-07-14 09:54:00,2026-07-14 15:24:00,4021.385,4022.23,4020.57,4021.005,190,0.665
2026-07-14 09:55:00,2026-07-14 15:25:00,4020.94,4021.525,4020.315,4020.61,222,0.666
2026-07-14 09:56:00,2026-07-14 15:26:00,4020.707,4021.105,4019.21,4020.13,203,0.663
2026-07-14 09:57:00,2026-07-14 15:27:00,4020.165,4021.415,4020.075,4021.265,148,0.66
2026-07-14 09:58:00,2026-07-14 15:28:00,4021.405,4021.915,4021.115,4021.415,151,0.66
2026-07-14 09:59:00,2026-07-14 15:29:00,4021.385,4021.805,4021.125,4021.785,144,0.657
2026-07-14 10:00:00,2026-07-14 15:30:00,4021.725,4022.355,4020.575,4022.245,208,0.662
2026-07-14 10:01:00,2026-07-14 15:31:00,4022.125,4022.345,4020.345,4020.74,195,0.659
2026-07-14 10:02:00,2026-07-14 15:32:00,4021.145,4021.205,4019.085,4019.42,180,0.666
2026-07-14 10:03:00,2026-07-14 15:33:00,4019.43,4019.705,4018.415,4019.285,165,0.668
2026-07-14 10:04:00,2026-07-14 15:34:00,4019.09,4019.99,4019.09,4019.68,133,0.673
2026-07-14 10:05:00,2026-07-14 15:35:00,4019.48,4020.145,4018.465,4018.465,200,0.672
2026-07-14 10:06:00,2026-07-14 15:36:00,4018.54,4018.745,4017.89,4018.665,167,0.672
2026-07-14 10:07:00,2026-07-14 15:37:00,4018.605,4019.61,4018.565,4019.015,138,0.672
2026-07-14 10:08:00,2026-07-14 15:38:00,4019.045,4019.045,4018.03,4018.27,124,0.672
2026-07-14 10:09:00,2026-07-14 15:39:00,4018.18,4018.395,4017.67,4018.095,123,0.674
2026-07-14 10:10:00,2026-07-14 15:40:00,4018.115,4019.805,4018.115,4019.715,140,0.682
2026-07-14 10:11:00,2026-07-14 15:41:00,4019.69,4019.72,4018.92,4019.045,139,0.684
2026-07-14 10:12:00,2026-07-14 15:42:00,4019.07,4019.27,4017.96,4018.045,180,0.683
2026-07-14 10:13:00,2026-07-14 15:43:00,4018.01,4018.465,4016.845,4018.32,162,0.683
2026-07-14 10:14:00,2026-07-14 15:44:00,4018.35,4018.55,4017.745,4018.28,123,0.686
2026-07-14 10:15:00,2026-07-14 15:45:00,4018.255,4018.895,4017.375,4018.86,138,0.683
2026-07-14 10:16:00,2026-07-14 15:46:00,4018.85,4019.57,4018.145,4019.01,177,0.682
2026-07-14 10:17:00,2026-07-14 15:47:00,4018.965,4019.385,4018.075,4019.305,191,0.684
2026-07-14 10:18:00,2026-07-14 15:48:00,4019.285,4019.635,4018.44,4019.425,155,0.683
2026-07-14 10:19:00,2026-07-14 15:49:00,4019.45,4020.235,4018.995,4018.995,168,0.684
2026-07-14 10:20:00,2026-07-14 15:50:00,4018.935,4019.28,4018.575,4018.58,139,0.683
2026-07-14 10:21:00,2026-07-14 15:51:00,4018.605,4019.13,4017.675,4017.765,144,0.683
2026-07-14 10:22:00,2026-07-14 15:52:00,4017.745,4018.185,4016.935,4017.09,151,0.683
2026-07-14 10:23:00,2026-07-14 15:53:00,4017.12,4018.175,4017.01,4017.875,128,0.682
2026-07-14 10:24:00,2026-07-14 15:54:00,4017.955,4018.19,4017.235,4017.705,192,0.683
2026-07-14 10:25:00,2026-07-14 15:55:00,4017.625,4017.755,4015.875,4016.305,209,0.674
2026-07-14 10:26:00,2026-07-14 15:56:00,4016.255,4016.5,4015.715,4015.985,164,0.67
2026-07-14 10:27:00,2026-07-14 15:57:00,4016.015,4017.25,4015.86,4017.02,198,0.666
2026-07-14 10:28:00,2026-07-14 15:58:00,4016.885,4017.09,4016.465,4016.605,100,0.662
2026-07-14 10:29:00,2026-07-14 15:59:00,4016.705,4018.12,4016.705,4017.87,196,0.666
2026-07-14 10:30:00,2026-07-14 16:00:00,4017.92,4018.845,4017.7,4018.485,215,0.663
2026-07-14 10:31:00,2026-07-14 16:01:00,4018.435,4019.055,4015.335,4015.595,226,0.66
2026-07-14 10:32:00,2026-07-14 16:02:00,4015.585,4016.325,4015.425,4015.915,176,0.664
2026-07-14 10:33:00,2026-07-14 16:03:00,4015.935,4018.035,4015.935,4017.585,177,0.66
2026-07-14 10:34:00,2026-07-14 16:04:00,4017.615,4017.615,4015.905,4016.175,173,0.659
2026-07-14 10:35:00,2026-07-14 16:05:00,4016.135,4017.495,4015.235,4017.325,197,0.66
2026-07-14 10:36:00,2026-07-14 16:06:00,4017.295,4017.935,4016.585,4017.935,185,0.66
2026-07-14 10:37:00,2026-07-14 16:07:00,4017.955,4019.305,4017.575,4018.985,233,0.681
2026-07-14 10:38:00,2026-07-14 16:08:00,4018.905,4019.005,4017.455,4017.685,270,0.684
2026-07-14 10:39:00,2026-07-14 16:09:00,4017.715,4019.38,4017.625,4019.095,202,0.683
2026-07-14 10:40:00,2026-07-14 16:10:00,4019.015,4020.14,4018.71,4019.34,170,0.661
2026-07-14 10:41:00,2026-07-14 16:11:00,4019.385,4019.88,4018.77,4018.77,152,0.654
2026-07-14 10:42:00,2026-07-14 16:12:00,4018.73,4019.185,4018.565,4018.67,169,0.652
2026-07-14 10:43:00,2026-07-14 16:13:00,4018.63,4018.975,4018.385,4018.455,122,0.659
2026-07-14 10:44:00,2026-07-14 16:14:00,4018.37,4019.78,4018.245,4019.1,175,0.654
2026-07-14 10:45:00,2026-07-14 16:15:00,4019.075,4020.135,4018.18,4019.51,143,0.654
2026-07-14 10:46:00,2026-07-14 16:16:00,4019.405,4020.22,4019.04,4020.07,131,0.652
2026-07-14 10:47:00,2026-07-14 16:17:00,4019.965,4021.02,4019.91,4020.86,208,0.68
2026-07-14 10:48:00,2026-07-14 16:18:00,4020.95,4021.675,4020.835,4021.615,150,0.666
2026-07-14 10:49:00,2026-07-14 16:19:00,4021.605,4022.265,4021.325,4021.745,122,0.665
2026-07-14 10:50:00,2026-07-14 16:20:00,4021.795,4021.875,4020.895,4020.9,160,0.659
2026-07-14 10:51:00,2026-07-14 16:21:00,4020.885,4021.065,4019.925,4020.575,149,0.66
2026-07-14 10:52:00,2026-07-14 16:22:00,4020.595,4020.815,4019.225,4019.255,139,0.659
2026-07-14 10:53:00,2026-07-14 16:23:00,4019.195,4020.285,4019.115,4020.195,133,0.657
2026-07-14 10:54:00,2026-07-14 16:24:00,4020.175,4020.805,4020.005,4020.33,141,0.661
2026-07-14 10:55:00,2026-07-14 16:25:00,4020.29,4020.465,4019.675,4019.88,152,0.654
2026-07-14 10:56:00,2026-07-14 16:26:00,4019.975,4020.38,4019.725,4019.905,166,0.658
2026-07-14 10:57:00,2026-07-14 16:27:00,4019.89,4021.175,4019.65,4020.91,220,0.675
2026-07-14 10:58:00,2026-07-14 16:28:00,4020.945,4022.155,4020.51,4022.005,230,0.683
2026-07-14 10:59:00,2026-07-14 16:29:00,4021.98,4022.95,4021.7,4021.775,174,0.687
2026-07-14 11:00:00,2026-07-14 16:30:00,4021.815,4022.87,4019.8,4020.205,354,0.697
2026-07-14 11:01:00,2026-07-14 16:31:00,4020.18,4021.32,4019.7,4020.945,333,0.693
2026-07-14 11:02:00,2026-07-14 16:32:00,4020.975,4021.245,4019.83,4021.07,339,0.689
2026-07-14 11:03:00,2026-07-14 16:33:00,4020.965,4021.83,4020.37,4021.765,315,0.691
2026-07-14 11:04:00,2026-07-14 16:34:00,4021.685,4021.705,4020.145,4020.585,281,0.685
2026-07-14 11:05:00,2026-07-14 16:35:00,4020.785,4021.505,4020.245,4021.065,212,0.66
2026-07-14 11:06:00,2026-07-14 16:36:00,4021.015,4021.945,4020.175,4020.36,285,0.663
2026-07-14 11:07:00,2026-07-14 16:37:00,4020.335,4021.115,4018.705,4019.365,240,0.674
2026-07-14 11:08:00,2026-07-14 16:38:00,4019.41,4019.675,4016.455,4016.455,199,0.669
2026-07-14 11:09:00,2026-07-14 16:39:00,4016.425,4016.79,4015.54,4016.24,196,0.678
2026-07-14 11:10:00,2026-07-14 16:40:00,4016.215,4018.765,4016.215,4018.345,219,0.668
2026-07-14 11:11:00,2026-07-14 16:41:00,4018.325,4019.535,4017.61,4018.045,194,0.683
2026-07-14 11:12:00,2026-07-14 16:42:00,4018.105,4020.615,4017.575,4020.605,209,0.676
2026-07-14 11:13:00,2026-07-14 16:43:00,4020.625,4021.385,4020.03,4021.36,195,0.678
2026-07-14 11:14:00,2026-07-14 16:44:00,4021.405,4024.185,4020.55,4023.025,250,0.673
2026-07-14 11:15:00,2026-07-14 16:45:00,4022.895,4022.895,4021.6,4022.005,206,0.673
2026-07-14 11:16:00,2026-07-14 16:46:00,4022.03,4022.72,4021.3,4021.42,178,0.673
2026-07-14 11:17:00,2026-07-14 16:47:00,4021.65,4022.315,4020.605,4022.15,183,0.669
2026-07-14 11:18:00,2026-07-14 16:48:00,4022.295,4023.44,4022.12,4022.85,183,0.684
2026-07-14 11:19:00,2026-07-14 16:49:00,4022.82,4024.075,4022.46,4022.96,200,0.676
2026-07-14 11:20:00,2026-07-14 16:50:00,4022.835,4026.135,4022.735,4024.7,225,0.689
2026-07-14 11:21:00,2026-07-14 16:51:00,4024.71,4025.705,4022.71,4023.175,216,0.673
2026-07-14 11:22:00,2026-07-14 16:52:00,4023.155,4024.325,4022.905,4023.76,172,0.675
2026-07-14 11:23:00,2026-07-14 16:53:00,4023.74,4025.365,4023.635,4025.335,143,0.679
2026-07-14 11:24:00,2026-07-14 16:54:00,4025.365,4028.215,4024.975,4027.825,282,0.667
2026-07-14 11:25:00,2026-07-14 16:55:00,4027.84,4028.53,4025.76,4027.78,330,0.703
2026-07-14 11:26:00,2026-07-14 16:56:00,4027.67,4027.92,4026.295,4026.525,210,0.701
2026-07-14 11:27:00,2026-07-14 16:57:00,4026.495,4026.74,4025.645,4026.115,222,0.697
2026-07-14 11:28:00,2026-07-14 16:58:00,4026.105,4026.105,4024.7,4025.01,175,0.679
2026-07-14 11:29:00,2026-07-14 16:59:00,4025.07,4025.65,4024.77,4024.925,159,0.687
2026-07-14 11:30:00,2026-07-14 17:00:00,4024.95,4026.26,4024.56,4025.4,265,0.687
2026-07-14 11:31:00,2026-07-14 17:01:00,4025.38,4026.66,4025.1,4026.56,153,0.672
2026-07-14 11:32:00,2026-07-14 17:02:00,4026.6,4028.42,4026.21,4028.42,248,0.691
2026-07-14 11:33:00,2026-07-14 17:03:00,4028.49,4029.065,4027.025,4028.105,239,0.685
2026-07-14 11:34:00,2026-07-14 17:04:00,4028.215,4028.64,4027.605,4027.78,189,0.71
2026-07-14 11:35:00,2026-07-14 17:05:00,4027.76,4030.43,4027.56,4030.03,211,0.689
2026-07-14 11:36:00,2026-07-14 17:06:00,4030.065,4030.195,4028.475,4029.565,177,0.664
2026-07-14 11:37:00,2026-07-14 17:07:00,4029.495,4030.055,4027.705,4028.875,188,0.66
2026-07-14 11:38:00,2026-07-14 17:08:00,4028.805,4029.21,4027.475,4028.43,222,0.675
2026-07-14 11:39:00,2026-07-14 17:09:00,4028.525,4028.82,4027.765,4028.58,143,0.671
2026-07-14 11:40:00,2026-07-14 17:10:00,4028.62,4028.785,4027.625,4027.935,152,0.683
2026-07-14 11:41:00,2026-07-14 17:11:00,4027.94,4029.695,4027.595,4028.81,182,0.676
2026-07-14 11:42:00,2026-07-14 17:12:00,4029.16,4029.955,4028.51,4029.76,168,0.684
2026-07-14 11:43:00,2026-07-14 17:13:00,4029.725,4030.07,4029.065,4029.245,149,0.677
2026-07-14 11:44:00,2026-07-14 17:14:00,4029.215,4029.395,4027.23,4028.28,180,0.681
2026-07-14 11:45:00,2026-07-14 17:15:00,4028.19,4028.345,4026.38,4026.52,165,0.683
2026-07-14 11:46:00,2026-07-14 17:16:00,4026.54,4026.98,4025.76,4026.935,153,0.672
2026-07-14 11:47:00,2026-07-14 17:17:00,4026.96,4028.12,4026.605,4027.93,138,0.664
2026-07-14 11:48:00,2026-07-14 17:18:00,4027.81,4030.585,4027.15,4029.845,239,0.66
2026-07-14 11:49:00,2026-07-14 17:19:00,4029.835,4029.925,4028.225,4028.575,190,0.663
2026-07-14 11:50:00,2026-07-14 17:20:00,4028.715,4028.725,4026.87,4027.03,167,0.666
2026-07-14 11:51:00,2026-07-14 17:21:00,4027.005,4027.74,4026.85,4027.645,158,0.673
2026-07-14 11:52:00,2026-07-14 17:22:00,4027.6,4028.77,4026.64,4028.165,176,0.665
2026-07-14 11:53:00,2026-07-14 17:23:00,4028.13,4029.52,4028.1,4029.45,164,0.654
2026-07-14 11:54:00,2026-07-14 17:24:00,4029.415,4029.935,4028.8,4029.205,213,0.68
2026-07-14 11:55:00,2026-07-14 17:25:00,4029.18,4030.225,4028.765,4030.215,191,0.684
2026-07-14 11:56:00,2026-07-14 17:26:00,4030.235,4031.86,4030.155,4030.9,177,0.671
2026-07-14 11:57:00,2026-07-14 17:27:00,4030.765,4031.105,4029.79,4030.655,189,0.669
2026-07-14 11:58:00,2026-07-14 17:28:00,4030.625,4031.655,4030.625,4031.305,156,0.68
2026-07-14 11:59:00,2026-07-14 17:29:00,4031.255,4031.895,4031.165,4031.285,135,0.678
2026-07-14 12:00:00,2026-07-14 17:30:00,4031.225,4031.625,4030.56,4030.755,288,0.673
2026-07-14 12:01:00,2026-07-14 17:31:00,4030.92,4032.43,4030.14,4031.49,260,0.681
2026-07-14 12:02:00,2026-07-14 17:32:00,4031.51,4033.465,4030.66,4032.44,240,0.677
2026-07-14 12:03:00,2026-07-14 17:33:00,4032.46,4035.985,4032.34,4034.485,323,0.677
2026-07-14 12:04:00,2026-07-14 17:34:00,4034.545,4034.545,4029.285,4030.015,251,0.691
2026-07-14 12:05:00,2026-07-14 17:35:00,4029.975,4030.125,4028.19,4029.155,224,0.667
2026-07-14 12:06:00,2026-07-14 17:36:00,4029.085,4030.93,4028.57,4028.85,253,0.668
2026-07-14 12:07:00,2026-07-14 17:37:00,4028.725,4029.51,4027.245,4027.39,337,0.679
2026-07-14 12:08:00,2026-07-14 17:38:00,4027.295,4027.675,4025.57,4025.615,253,0.684
2026-07-14 12:09:00,2026-07-14 17:39:00,4025.605,4026.51,4025.215,4025.97,192,0.689
2026-07-14 12:10:00,2026-07-14 17:40:00,4026.05,4027.895,4026.03,4027.725,246,0.678
2026-07-14 12:11:00,2026-07-14 17:41:00,4027.755,4028.515,4025.85,4026.835,232,0.674
2026-07-14 12:12:00,2026-07-14 17:42:00,4026.88,4027.72,4026.3,4027.6,179,0.656
2026-07-14 12:13:00,2026-07-14 17:43:00,4027.695,4028.195,4026.96,4027.24,156,0.658
2026-07-14 12:14:00,2026-07-14 17:44:00,4027.235,4027.43,4025.36,4026.115,210,0.774
2026-07-14 12:15:00,2026-07-14 17:45:00,4026.16,4026.515,4024.87,4025.725,191,0.721
2026-07-14 12:16:00,2026-07-14 17:46:00,4025.635,4027.03,4025.23,4026.985,189,0.663
2026-07-14 12:17:00,2026-07-14 17:47:00,4027.175,4028.71,4027.155,4027.155,173,0.669
2026-07-14 12:18:00,2026-07-14 17:48:00,4027.185,4027.25,4026.105,4027.2,168,0.666
2026-07-14 12:19:00,2026-07-14 17:49:00,4027.18,4027.88,4027.025,4027.305,161,0.701
2026-07-14 12:20:00,2026-07-14 17:50:00,4026.95,4028.27,4023.27,4023.765,359,0.674
2026-07-14 12:21:00,2026-07-14 17:51:00,4023.785,4027.145,4023.595,4026.585,314,0.671
2026-07-14 12:22:00,2026-07-14 17:52:00,4026.625,4027.265,4025.295,4025.295,264,0.681
2026-07-14 12:23:00,2026-07-14 17:53:00,4025.365,4026.515,4024.885,4025.085,272,0.681
2026-07-14 12:24:00,2026-07-14 17:54:00,4025.105,4029.06,4025.005,4028.875,321,0.68
2026-07-14 12:25:00,2026-07-14 17:55:00,4028.83,4030.1,4027.72,4028.615,357,0.733
2026-07-14 12:26:00,2026-07-14 17:56:00,4028.51,4028.585,4026.975,4027.915,270,0.698
2026-07-14 12:27:00,2026-07-14 17:57:00,4027.89,4029.515,4027.525,4028.745,180,0.689
2026-07-14 12:28:00,2026-07-14 17:58:00,4028.585,4030.965,4028.55,4030.665,254,0.679
2026-07-14 12:29:00,2026-07-14 17:59:00,4030.69,4030.975,4028.615,4030.335,284,0.862
2026-07-14 12:30:00,2026-07-14 18:00:00,4030.31,4090.07,4029.595,4087.87,705,5.516
2026-07-14 12:31:00,2026-07-14 18:01:00,4087.33,4096.04,4083.345,4089.965,788,8.789
2026-07-14 12:32:00,2026-07-14 18:02:00,4089.905,4099.085,4085.27,4095.435,782,9.213
2026-07-14 12:33:00,2026-07-14 18:03:00,4095.455,4103.25,4089.0,4095.775,607,4.916
2026-07-14 12:34:00,2026-07-14 18:04:00,4095.44,4100.43,4094.475,4096.115,595,2.371
2026-07-14 12:35:00,2026-07-14 18:05:00,4095.81,4100.38,4093.396,4093.485,645,0.919
2026-07-14 12:36:00,2026-07-14 18:06:00,4093.035,4094.27,4086.255,4088.515,606,0.826
2026-07-14 12:37:00,2026-07-14 18:07:00,4088.57,4088.71,4082.18,4084.5,572,0.799
2026-07-14 12:38:00,2026-07-14 18:08:00,4084.46,4088.1,4081.925,4086.915,565,0.843
2026-07-14 12:39:00,2026-07-14 18:09:00,4086.895,4089.175,4083.955,4086.975,561,0.81
2026-07-14 12:40:00,2026-07-14 18:10:00,4087.415,4090.99,4084.44,4087.995,551,0.809
2026-07-14 12:41:00,2026-07-14 18:11:00,4088.065,4091.88,4084.81,4090.92,515,0.769
2026-07-14 12:42:00,2026-07-14 18:12:00,4090.885,4092.405,4087.825,4092.21,485,0.769
2026-07-14 12:43:00,2026-07-14 18:13:00,4092.295,4094.465,4088.1,4089.875,563,0.792
2026-07-14 12:44:00,2026-07-14 18:14:00,4089.98,4093.845,4088.91,4093.005,561,0.771
2026-07-14 12:45:00,2026-07-14 18:15:00,4093.31,4095.345,4089.58,4094.4,559,0.812
2026-07-14 12:46:00,2026-07-14 18:16:00,4094.35,4094.35,4086.585,4086.68,457,0.766
2026-07-14 12:47:00,2026-07-14 18:17:00,4086.64,4087.14,4082.545,4082.545,497,0.789
2026-07-14 12:48:00,2026-07-14 18:18:00,4082.745,4085.95,4082.74,4083.75,431,0.779
2026-07-14 12:49:00,2026-07-14 18:19:00,4083.54,4086.915,4083.18,4085.175,434,0.785
2026-07-14 12:50:00,2026-07-14 18:20:00,4084.845,4085.34,4081.605,4083.025,445,0.782
2026-07-14 12:51:00,2026-07-14 18:21:00,4083.005,4083.025,4077.08,4079.89,469,0.72
2026-07-14 12:52:00,2026-07-14 18:22:00,4079.825,4081.54,4077.12,4077.565,432,0.705
2026-07-14 12:53:00,2026-07-14 18:23:00,4077.695,4079.405,4075.8,4076.43,471,0.72
2026-07-14 12:54:00,2026-07-14 18:24:00,4076.27,4077.045,4072.775,4073.14,406,0.717
2026-07-14 12:55:00,2026-07-14 18:25:00,4073.61,4076.355,4072.97,4073.845,412,0.746
2026-07-14 12:56:00,2026-07-14 18:26:00,4073.545,4075.315,4069.055,4070.075,389,0.694
2026-07-14 12:57:00,2026-07-14 18:27:00,4070.015,4072.875,4069.475,4072.18,370,0.688
2026-07-14 12:58:00,2026-07-14 18:28:00,4072.14,4072.755,4069.155,4069.895,364,0.692
2026-07-14 12:59:00,2026-07-14 18:29:00,4069.855,4077.135,4069.855,4076.245,446,0.698
2026-07-14 13:00:00,2026-07-14 18:30:00,4076.22,4077.9,4072.745,4076.31,590,0.707
2026-07-14 13:01:00,2026-07-14 18:31:00,4076.3,4083.62,4076.3,4083.285,541,0.775
2026-07-14 13:02:00,2026-07-14 18:32:00,4083.025,4083.605,4079.33,4079.36,477,0.727
2026-07-14 13:03:00,2026-07-14 18:33:00,4079.15,4079.44,4075.24,4075.365,452,0.704
2026-07-14 13:04:00,2026-07-14 18:34:00,4075.465,4076.86,4072.175,4072.84,476,0.706
2026-07-14 13:05:00,2026-07-14 18:35:00,4072.795,4075.42,4071.08,4075.31,433,0.723
2026-07-14 13:06:00,2026-07-14 18:36:00,4075.19,4076.745,4073.93,4075.4,342,0.71
2026-07-14 13:07:00,2026-07-14 18:37:00,4075.53,4077.66,4074.765,4077.06,361,0.998
2026-07-14 13:08:00,2026-07-14 18:38:00,4077.11,4080.115,4077.11,4079.945,316,0.947
2026-07-14 13:09:00,2026-07-14 18:39:00,4079.85,4080.725,4077.21,4077.6,327,0.919
2026-07-14 13:10:00,2026-07-14 18:40:00,4077.73,4080.485,4077.065,4077.85,340,0.761
2026-07-14 13:11:00,2026-07-14 18:41:00,4077.68,4078.995,4075.805,4077.985,424,0.813
2026-07-14 13:12:00,2026-07-14 18:42:00,4077.965,4079.41,4075.485,4075.685,346,0.841
2026-07-14 13:13:00,2026-07-14 18:43:00,4075.33,4076.87,4072.09,4074.415,410,0.809
2026-07-14 13:14:00,2026-07-14 18:44:00,4074.44,4075.49,4072.47,4075.29,363,0.97
2026-07-14 13:15:00,2026-07-14 18:45:00,4075.295,4077.385,4074.28,4076.955,308,0.955
2026-07-14 13:16:00,2026-07-14 18:46:00,4077.0,4080.74,4076.575,4078.98,381,1.129
2026-07-14 13:17:00,2026-07-14 18:47:00,4079.06,4079.585,4075.7,4077.2,356,0.97
2026-07-14 13:18:00,2026-07-14 18:48:00,4077.22,4080.21,4076.19,4078.055,305,0.843
2026-07-14 13:19:00,2026-07-14 18:49:00,4078.08,4078.8,4076.12,4076.6,292,1.053
2026-07-14 13:20:00,2026-07-14 18:50:00,4076.505,4077.03,4072.42,4076.565,349,1.028
2026-07-14 13:21:00,2026-07-14 18:51:00,4076.515,4081.66,4075.755,4080.74,365,1.081
2026-07-14 13:22:00,2026-07-14 18:52:00,4080.715,4081.56,4079.73,4081.56,318,1.101
2026-07-14 13:23:00,2026-07-14 18:53:00,4081.595,4086.575,4081.215,4083.705,381,0.895
2026-07-14 13:24:00,2026-07-14 18:54:00,4083.665,4085.615,4082.975,4084.265,343,0.86
2026-07-14 13:25:00,2026-07-14 18:55:00,4084.315,4085.275,4083.39,4083.95,358,0.746
2026-07-14 13:26:00,2026-07-14 18:56:00,4083.9,4084.8,4082.355,4084.475,349,0.673
2026-07-14 13:27:00,2026-07-14 18:57:00,4084.43,4085.485,4083.4,4085.28,346,0.688
2026-07-14 13:28:00,2026-07-14 18:58:00,4085.25,4086.105,4083.925,4084.525,355,0.71
2026-07-14 13:29:00,2026-07-14 18:59:00,4084.485,4085.04,4081.245,4081.805,351,0.692
2026-07-14 13:30:00,2026-07-14 19:00:00,4081.835,4084.93,4081.245,4084.085,537,0.682
2026-07-14 13:31:00,2026-07-14 19:01:00,4084.03,4084.89,4077.09,4078.21,531,0.684
2026-07-14 13:32:00,2026-07-14 19:02:00,4078.155,4079.335,4075.665,4076.3,541,0.69
2026-07-14 13:33:00,2026-07-14 19:03:00,4076.275,4078.77,4076.275,4077.065,470,0.688
2026-07-14 13:34:00,2026-07-14 19:04:00,4077.1,4081.15,4076.79,4080.62,454,0.675
2026-07-14 13:35:00,2026-07-14 19:05:00,4080.73,4080.83,4078.69,4079.695,461,0.674
2026-07-14 13:36:00,2026-07-14 19:06:00,4079.725,4082.255,4079.33,4081.155,503,0.691
2026-07-14 13:37:00,2026-07-14 19:07:00,4081.34,4085.03,4081.16,4084.255,512,0.684
2026-07-14 13:38:00,2026-07-14 19:08:00,4084.295,4086.915,4082.005,4086.01,479,0.694
2026-07-14 13:39:00,2026-07-14 19:09:00,4085.9,4088.68,4085.535,4086.625,478,0.686
2026-07-14 13:40:00,2026-07-14 19:10:00,4086.645,4088.35,4084.57,4085.73,528,0.683
2026-07-14 13:41:00,2026-07-14 19:11:00,4085.58,4085.93,4083.745,4085.005,494,0.685
2026-07-14 13:42:00,2026-07-14 19:12:00,4084.935,4087.125,4082.95,4083.41,481,0.716
2026-07-14 13:43:00,2026-07-14 19:13:00,4083.38,4086.865,4082.615,4085.945,514,0.686
2026-07-14 13:44:00,2026-07-14 19:14:00,4086.27,4088.96,4085.43,4087.71,517,0.628
2026-07-14 13:45:00,2026-07-14 19:15:00,4087.63,4087.63,4084.615,4086.105,481,0.685
2026-07-14 13:46:00,2026-07-14 19:16:00,4086.125,4086.3,4080.555,4081.595,472,0.686
2026-07-14 13:47:00,2026-07-14 19:17:00,4081.675,4084.73,4081.525,4083.945,469,0.694
2026-07-14 13:48:00,2026-07-14 19:18:00,4083.975,4085.615,4081.365,4081.895,406,0.703
2026-07-14 13:49:00,2026-07-14 19:19:00,4081.945,4083.3,4080.75,4083.3,358,0.698
2026-07-14 13:50:00,2026-07-14 19:20:00,4083.27,4085.175,4083.02,4083.945,444,0.693
2026-07-14 13:51:00,2026-07-14 19:21:00,4083.89,4085.08,4081.97,4082.265,450,0.686
2026-07-14 13:52:00,2026-07-14 19:22:00,4082.365,4082.75,4074.265,4075.385,553,0.667
2026-07-14 13:53:00,2026-07-14 19:23:00,4075.375,4078.465,4074.43,4078.04,454,0.709
2026-07-14 13:54:00,2026-07-14 19:24:00,4078.12,4078.92,4076.22,4076.475,460,0.682
2026-07-14 13:55:00,2026-07-14 19:25:00,4076.445,4077.215,4074.58,4074.64,502,0.67
2026-07-14 13:56:00,2026-07-14 19:26:00,4074.66,4077.735,4074.66,4077.405,384,0.697
2026-07-14 13:57:00,2026-07-14 19:27:00,4077.34,4078.68,4077.155,4077.42,358,0.708
2026-07-14 13:58:00,2026-07-14 19:28:00,4077.52,4078.95,4075.575,4076.565,358,0.689
2026-07-14 13:59:00,2026-07-14 19:29:00,4076.485,4078.225,4075.375,4076.645,308,0.69
2026-07-14 14:00:00,2026-07-14 19:30:00,4076.605,4077.82,4074.705,4075.34,379,0.686
2026-07-14 14:01:00,2026-07-14 19:31:00,4075.365,4080.5,4075.215,4079.665,432,0.685
2026-07-14 14:02:00,2026-07-14 19:32:00,4079.655,4079.705,4073.565,4074.965,444,0.695
2026-07-14 14:03:00,2026-07-14 19:33:00,4075.05,4076.83,4074.05,4076.545,361,0.676
2026-07-14 14:04:00,2026-07-14 19:34:00,4076.475,4076.72,4074.14,4074.21,407,0.676
2026-07-14 14:05:00,2026-07-14 19:35:00,4073.98,4076.56,4072.77,4076.56,453,0.675
2026-07-14 14:06:00,2026-07-14 19:36:00,4076.54,4076.98,4074.355,4076.98,481,0.689
2026-07-14 14:07:00,2026-07-14 19:37:00,4076.99,4081.395,4076.24,4079.905,453,0.684
2026-07-14 14:08:00,2026-07-14 19:38:00,4079.725,4080.655,4078.485,4079.855,444,0.69
2026-07-14 14:09:00,2026-07-14 19:39:00,4079.795,4080.1,4077.695,4080.08,479,0.683
2026-07-14 14:10:00,2026-07-14 19:40:00,4080.08,4081.215,4077.825,4078.96,430,0.682
2026-07-14 14:11:00,2026-07-14 19:41:00,4078.93,4080.125,4077.205,4079.325,434,0.666
2026-07-14 14:12:00,2026-07-14 19:42:00,4079.64,4081.06,4078.86,4080.655,386,0.693
2026-07-14 14:13:00,2026-07-14 19:43:00,4080.6,4085.36,4080.6,4083.53,437,0.682
2026-07-14 14:14:00,2026-07-14 19:44:00,4083.55,4083.9,4081.36,4082.38,451,0.673
2026-07-14 14:15:00,2026-07-14 19:45:00,4082.405,4082.41,4074.525,4074.865,471,0.683
2026-07-14 14:16:00,2026-07-14 19:46:00,4074.84,4075.77,4071.81,4074.755,518,0.678
2026-07-14 14:17:00,2026-07-14 19:47:00,4074.725,4076.2,4072.195,4072.455,467,0.678
2026-07-14 14:18:00,2026-07-14 19:48:00,4072.435,4073.67,4070.51,4072.22,483,0.682
2026-07-14 14:19:00,2026-07-14 19:49:00,4072.24,4074.68,4072.14,4073.325,406,0.686
2026-07-14 14:20:00,2026-07-14 19:50:00,4073.355,4075.19,4073.145,4074.66,440,0.678
2026-07-14 14:21:00,2026-07-14 19:51:00,4074.63,4077.675,4073.425,4077.625,404,0.697
2026-07-14 14:22:00,2026-07-14 19:52:00,4077.605,4085.385,4077.31,4084.855,456,0.69
2026-07-14 14:23:00,2026-07-14 19:53:00,4084.805,4084.875,4079.345,4079.955,399,0.686
2026-07-14 14:24:00,2026-07-14 19:54:00,4079.985,4081.015,4077.84,4078.625,428,0.682
2026-07-14 14:25:00,2026-07-14 19:55:00,4078.57,4078.865,4074.33,4075.035,427,0.682
2026-07-14 14:26:00,2026-07-14 19:56:00,4075.01,4079.445,4074.085,4078.28,502,0.673
2026-07-14 14:27:00,2026-07-14 19:57:00,4078.18,4078.35,4074.68,4076.785,468,0.621
2026-07-14 14:28:00,2026-07-14 19:58:00,4076.705,4077.16,4074.245,4076.365,441,0.692
2026-07-14 14:29:00,2026-07-14 19:59:00,4076.32,4077.56,4074.18,4076.925,381,0.709
2026-07-14 14:30:00,2026-07-14 20:00:00,4076.9,4077.175,4073.9,4075.665,376,0.7
2026-07-14 14:31:00,2026-07-14 20:01:00,4075.705,4076.685,4073.315,4074.055,387,0.69
2026-07-14 14:32:00,2026-07-14 20:02:00,4074.12,4078.74,4073.475,4078.7,364,0.689
2026-07-14 14:33:00,2026-07-14 20:03:00,4078.675,4078.675,4075.94,4076.35,389,0.69
2026-07-14 14:34:00,2026-07-14 20:04:00,4076.38,4092.71,4076.38,4080.159,572,1.179
2026-07-14 14:35:00,2026-07-14 20:05:00,4080.213,4081.213,4076.82,4079.861,517,1.06
2026-07-14 14:36:00,2026-07-14 20:06:00,4079.92,4081.08,4077.592,4078.448,460,1.145
2026-07-14 14:37:00,2026-07-14 20:07:00,4078.32,4078.525,4074.557,4076.676,447,1.07
2026-07-14 14:38:00,2026-07-14 20:08:00,4076.755,4081.31,4076.25,4080.67,412,0.787
2026-07-14 14:39:00,2026-07-14 20:09:00,4080.65,4080.78,4079.345,4079.815,364,0.683
2026-07-14 14:40:00,2026-07-14 20:10:00,4079.845,4082.74,4079.435,4080.575,359,0.691
2026-07-14 14:41:00,2026-07-14 20:11:00,4080.445,4080.995,4078.675,4080.365,375,0.714
2026-07-14 14:42:00,2026-07-14 20:12:00,4080.46,4081.55,4078.765,4079.695,318,0.694
2026-07-14 14:43:00,2026-07-14 20:13:00,4079.665,4080.485,4078.885,4080.375,337,0.678
2026-07-14 14:44:00,2026-07-14 20:14:00,4080.245,4082.705,4079.175,4080.115,394,0.7
2026-07-14 14:45:00,2026-07-14 20:15:00,4080.145,4082.745,4079.575,4081.91,367,0.704
2026-07-14 14:46:00,2026-07-14 20:16:00,4081.985,4082.445,4079.635,4080.31,428,0.686
2026-07-14 14:47:00,2026-07-14 20:17:00,4080.28,4081.39,4079.215,4081.08,371,0.703
2026-07-14 14:48:00,2026-07-14 20:18:00,4081.075,4082.785,4079.605,4082.32,372,0.703
2026-07-14 14:49:00,2026-07-14 20:19:00,4082.22,4082.225,4078.92,4079.175,356,0.706
2026-07-14 14:50:00,2026-07-14 20:20:00,4079.18,4079.61,4077.74,4078.63,356,0.701
2026-07-14 14:51:00,2026-07-14 20:21:00,4078.655,4082.66,4078.495,4082.565,284,0.676
2026-07-14 14:52:00,2026-07-14 20:22:00,4082.525,4082.705,4081.305,4082.18,336,0.697
2026-07-14 14:53:00,2026-07-14 20:23:00,4082.04,4082.155,4079.795,4081.065,367,0.686
2026-07-14 14:54:00,2026-07-14 20:24:00,4081.04,4084.01,4081.04,4082.57,372,0.687
2026-07-14 14:55:00,2026-07-14 20:25:00,4082.54,4084.475,4082.395,4084.14,329,0.687
2026-07-14 14:56:00,2026-07-14 20:26:00,4084.16,4084.16,4081.28,4082.34,348,0.684
2026-07-14 14:57:00,2026-07-14 20:27:00,4082.37,4085.64,4082.035,4085.64,364,0.705
2026-07-14 14:58:00,2026-07-14 20:28:00,4085.89,4087.73,4084.955,4085.215,320,0.695
2026-07-14 14:59:00,2026-07-14 20:29:00,4085.255,4085.695,4084.125,4085.26,315,0.682
2026-07-14 15:00:00,2026-07-14 20:30:00,4085.25,4085.795,4081.655,4081.845,342,0.713
2026-07-14 15:01:00,2026-07-14 20:31:00,4081.555,4081.955,4080.215,4080.315,344,0.702
2026-07-14 15:02:00,2026-07-14 20:32:00,4080.255,4081.565,4079.505,4080.11,317,0.701
2026-07-14 15:03:00,2026-07-14 20:33:00,4079.945,4080.915,4078.925,4080.645,339,0.702
2026-07-14 15:04:00,2026-07-14 20:34:00,4080.815,4093.085,4078.99,4088.785,545,0.722
2026-07-14 15:05:00,2026-07-14 20:35:00,4088.705,4089.215,4086.532,4088.115,465,0.76
2026-07-14 15:06:00,2026-07-14 20:36:00,4088.075,4094.29,4087.825,4093.965,438,0.73
2026-07-14 15:07:00,2026-07-14 20:37:00,4093.935,4096.83,4093.105,4095.61,463,0.936
2026-07-14 15:08:00,2026-07-14 20:38:00,4095.9,4101.01,4095.26,4099.005,464,1.001
2026-07-14 15:09:00,2026-07-14 20:39:00,4098.985,4099.165,4094.079,4095.855,407,0.709
2026-07-14 15:10:00,2026-07-14 20:40:00,4096.225,4097.555,4093.425,4094.155,385,0.706
2026-07-14 15:11:00,2026-07-14 20:41:00,4094.095,4094.52,4090.77,4092.685,375,0.704
2026-07-14 15:12:00,2026-07-14 20:42:00,4092.855,4093.585,4091.07,4092.255,354,0.742
2026-07-14 15:13:00,2026-07-14 20:43:00,4092.335,4094.19,4091.215,4091.935,290,0.723
2026-07-14 15:14:00,2026-07-14 20:44:00,4091.825,4091.835,4089.395,4090.315,328,0.701
2026-07-14 15:15:00,2026-07-14 20:45:00,4090.165,4091.235,4088.41,4089.005,383,0.708
2026-07-14 15:16:00,2026-07-14 20:46:00,4088.97,4090.775,4087.645,4088.285,355,0.705
2026-07-14 15:17:00,2026-07-14 20:47:00,4088.245,4089.175,4087.52,4087.71,328,0.717
2026-07-14 15:18:00,2026-07-14 20:48:00,4087.605,4088.085,4086.045,4087.405,339,0.705
2026-07-14 15:19:00,2026-07-14 20:49:00,4087.435,4088.005,4085.855,4087.055,320,0.702
2026-07-14 15:20:00,2026-07-14 20:50:00,4086.845,4087.405,4085.705,4087.275,245,0.728
2026-07-14 15:21:00,2026-07-14 20:51:00,4087.305,4090.52,4087.045,4089.865,313,0.702
2026-07-14 15:22:00,2026-07-14 20:52:00,4089.905,4089.905,4087.895,4087.945,255,0.713
2026-07-14 15:23:00,2026-07-14 20:53:00,4087.995,4089.025,4086.765,4088.315,202,0.7
2026-07-14 15:24:00,2026-07-14 20:54:00,4088.235,4089.345,4086.755,4087.255,256,0.701
2026-07-14 15:25:00,2026-07-14 20:55:00,4087.285,4087.385,4084.755,4085.195,282,0.701
2026-07-14 15:26:00,2026-07-14 20:56:00,4085.235,4085.795,4083.33,4084.355,277,0.704
2026-07-14 15:27:00,2026-07-14 20:57:00,4084.265,4084.755,4082.72,4084.355,266,0.701
2026-07-14 15:28:00,2026-07-14 20:58:00,4084.325,4085.585,4084.135,4084.635,211,0.702
2026-07-14 15:29:00,2026-07-14 20:59:00,4084.625,4085.29,4083.525,4085.29,244,0.725
2026-07-14 15:30:00,2026-07-14 21:00:00,4085.255,4085.675,4083.6,4085.36,326,0.868
2026-07-14 15:31:00,2026-07-14 21:01:00,4085.38,4086.46,4084.23,4086.08,288,0.842
2026-07-14 15:32:00,2026-07-14 21:02:00,4086.11,4087.09,4084.765,4085.0,296,0.736
2026-07-14 15:33:00,2026-07-14 21:03:00,4085.02,4085.03,4082.335,4082.425,309,0.738
2026-07-14 15:34:00,2026-07-14 21:04:00,4082.415,4083.285,4080.845,4081.605,350,0.701
2026-07-14 15:35:00,2026-07-14 21:05:00,4081.625,4082.515,4077.525,4078.955,342,0.701
2026-07-14 15:36:00,2026-07-14 21:06:00,4078.875,4079.315,4076.595,4076.595,379,0.701
2026-07-14 15:37:00,2026-07-14 21:07:00,4076.885,4078.295,4076.705,4077.785,327,0.7
2026-07-14 15:38:00,2026-07-14 21:08:00,4077.805,4079.775,4077.245,4079.69,302,0.724
2026-07-14 15:39:00,2026-07-14 21:09:00,4079.74,4079.74,4075.895,4076.27,303,0.703
2026-07-14 15:40:00,2026-07-14 21:10:00,4076.25,4077.335,4075.185,4075.835,322,0.713
2026-07-14 15:41:00,2026-07-14 21:11:00,4075.875,4076.255,4071.015,4072.835,410,0.718
2026-07-14 15:42:00,2026-07-14 21:12:00,4072.865,4073.285,4066.945,4070.055,511,0.777
2026-07-14 15:43:00,2026-07-14 21:13:00,4070.165,4072.525,4069.285,4071.725,389,0.718
2026-07-14 15:44:00,2026-07-14 21:14:00,4071.695,4074.715,4071.695,4074.195,346,0.713
2026-07-14 15:45:00,2026-07-14 21:15:00,4074.095,4075.3,4073.405,4073.935,362,0.703
2026-07-14 15:46:00,2026-07-14 21:16:00,4073.895,4075.145,4073.155,4073.425,273,0.701
2026-07-14 15:47:00,2026-07-14 21:17:00,4073.465,4076.665,4073.365,4075.905,297,0.703
2026-07-14 15:48:00,2026-07-14 21:18:00,4075.855,4075.975,4072.325,4072.925,329,0.726
2026-07-14 15:49:00,2026-07-14 21:19:00,4072.875,4073.745,4070.975,4071.735,300,0.702
2026-07-14 15:50:00,2026-07-14 21:20:00,4071.415,4072.415,4069.6,4069.915,384,0.761
2026-07-14 15:51:00,2026-07-14 21:21:00,4069.955,4070.405,4067.385,4068.255,376,0.718
2026-07-14 15:52:00,2026-07-14 21:22:00,4068.435,4068.805,4067.275,4068.725,387,0.701
2026-07-14 15:53:00,2026-07-14 21:23:00,4068.805,4069.505,4067.205,4069.425,337,0.703
2026-07-14 15:54:00,2026-07-14 21:24:00,4069.465,4069.665,4066.345,4067.015,320,0.703
2026-07-14 15:55:00,2026-07-14 21:25:00,4067.115,4068.11,4065.53,4067.335,386,0.702
2026-07-14 15:56:00,2026-07-14 21:26:00,4067.3,4068.36,4066.535,4067.105,339,0.714
2026-07-14 15:57:00,2026-07-14 21:27:00,4067.03,4067.77,4065.71,4067.265,328,0.703
2026-07-14 15:58:00,2026-07-14 21:28:00,4067.235,4068.595,4066.575,4067.015,315,0.701
2026-07-14 15:59:00,2026-07-14 21:29:00,4066.905,4067.105,4064.875,4066.295,364,0.703
2026-07-14 16:00:00,2026-07-14 21:30:00,4066.315,4066.965,4062.865,4063.065,340,0.701
2026-07-14 16:01:00,2026-07-14 21:31:00,4063.085,4064.765,4062.395,4063.225,352,0.701
2026-07-14 16:02:00,2026-07-14 21:32:00,4063.245,4064.645,4062.325,4064.395,349,0.71
2026-07-14 16:03:00,2026-07-14 21:33:00,4064.375,4064.555,4062.325,4063.745,363,0.701
2026-07-14 16:04:00,2026-07-14 21:34:00,4063.765,4064.76,4062.315,4064.085,357,0.701
2026-07-14 16:05:00,2026-07-14 21:35:00,4064.125,4064.5,4059.53,4060.225,356,0.707
2026-07-14 16:06:00,2026-07-14 21:36:00,4060.18,4061.475,4059.465,4061.475,310,0.712
2026-07-14 16:07:00,2026-07-14 21:37:00,4061.455,4061.735,4057.655,4059.075,348,0.715
2026-07-14 16:08:00,2026-07-14 21:38:00,4059.035,4061.475,4058.515,4061.145,277,0.701
2026-07-14 16:09:00,2026-07-14 21:39:00,4061.195,4062.465,4059.955,4060.385,338,0.729
2026-07-14 16:10:00,2026-07-14 21:40:00,4060.44,4063.07,4060.39,4062.21,365,0.728
2026-07-14 16:11:00,2026-07-14 21:41:00,4062.19,4063.53,4062.12,4063.27,342,0.728
2026-07-14 16:12:00,2026-07-14 21:42:00,4063.52,4063.625,4062.19,4062.96,364,0.717
2026-07-14 16:13:00,2026-07-14 21:43:00,4063.045,4064.935,4062.67,4063.85,350,0.713
2026-07-14 16:14:00,2026-07-14 21:44:00,4063.865,4064.175,4062.935,4063.155,331,0.703
2026-07-14 16:15:00,2026-07-14 21:45:00,4063.085,4063.565,4060.89,4062.165,316,0.701
2026-07-14 16:16:00,2026-07-14 21:46:00,4062.175,4065.035,4062.175,4064.775,252,0.7
2026-07-14 16:17:00,2026-07-14 21:47:00,4064.81,4064.855,4063.735,4063.775,225,0.7
2026-07-14 16:18:00,2026-07-14 21:48:00,4063.795,4064.395,4063.21,4063.545,178,0.719
2026-07-14 16:19:00,2026-07-14 21:49:00,4063.485,4063.905,4062.465,4063.075,219,0.701
2026-07-14 16:20:00,2026-07-14 21:50:00,4063.015,4063.685,4061.68,4061.825,214,0.701
2026-07-14 16:21:00,2026-07-14 21:51:00,4061.785,4062.195,4060.745,4061.605,234,0.7
2026-07-14 16:22:00,2026-07-14 21:52:00,4061.665,4062.185,4059.145,4059.625,272,0.701
2026-07-14 16:23:00,2026-07-14 21:53:00,4059.695,4060.225,4057.78,4059.995,297,0.713
2026-07-14 16:24:00,2026-07-14 21:54:00,4060.095,4061.705,4060.095,4060.887,210,0.701
2026-07-14 16:25:00,2026-07-14 21:55:00,4060.915,4062.305,4058.505,4059.905,224,0.701
2026-07-14 16:26:00,2026-07-14 21:56:00,4060.025,4060.935,4059.685,4060.865,231,0.701
2026-07-14 16:27:00,2026-07-14 21:57:00,4060.875,4061.365,4060.19,4060.465,181,0.701
2026-07-14 16:28:00,2026-07-14 21:58:00,4060.445,4060.945,4060.005,4060.405,148,0.701
2026-07-14 16:29:00,2026-07-14 21:59:00,4060.355,4060.775,4059.185,4059.255,193,0.7
2026-07-14 16:30:00,2026-07-14 22:00:00,4059.315,4061.315,4059.06,4061.235,307,0.702
2026-07-14 16:31:00,2026-07-14 22:01:00,4061.325,4061.6,4058.955,4060.415,247,0.701
2026-07-14 16:32:00,2026-07-14 22:02:00,4060.365,4062.845,4060.265,4062.355,273,0.702
2026-07-14 16:33:00,2026-07-14 22:03:00,4061.915,4061.915,4059.365,4059.585,225,0.701
2026-07-14 16:34:00,2026-07-14 22:04:00,4059.555,4060.205,4058.955,4059.985,249,0.701
2026-07-14 16:35:00,2026-07-14 22:05:00,4059.855,4061.265,4059.795,4060.095,212,0.701
2026-07-14 16:36:00,2026-07-14 22:06:00,4060.075,4061.135,4058.785,4059.255,235,0.701
2026-07-14 16:37:00,2026-07-14 22:07:00,4059.155,4059.155,4057.775,4058.155,285,0.7
2026-07-14 16:38:00,2026-07-14 22:08:00,4058.195,4060.265,4057.745,4060.085,296,0.712
2026-07-14 16:39:00,2026-07-14 22:09:00,4060.035,4060.435,4059.035,4060.155,229,0.7
2026-07-14 16:40:00,2026-07-14 22:10:00,4060.115,4061.585,4059.585,4060.475,276,0.701
2026-07-14 16:41:00,2026-07-14 22:11:00,4060.505,4061.045,4059.295,4060.0,180,0.701
2026-07-14 16:42:00,2026-07-14 22:12:00,4060.055,4061.605,4059.385,4061.505,207,0.7
2026-07-14 16:43:00,2026-07-14 22:13:00,4061.385,4062.855,4061.385,4062.275,184,0.7
2026-07-14 16:44:00,2026-07-14 22:14:00,4062.185,4062.295,4060.785,4061.015,177,0.701
2026-07-14 16:45:00,2026-07-14 22:15:00,4061.055,4062.155,4060.415,4060.475,217,0.701
2026-07-14 16:46:00,2026-07-14 22:16:00,4060.525,4060.525,4058.655,4058.925,238,0.701
2026-07-14 16:47:00,2026-07-14 22:17:00,4058.92,4059.495,4058.375,4059.025,242,0.701
2026-07-14 16:48:00,2026-07-14 22:18:00,4058.715,4059.025,4057.805,4058.385,237,0.701
2026-07-14 16:49:00,2026-07-14 22:19:00,4058.325,4059.885,4057.825,4059.885,226,0.716
2026-07-14 16:50:00,2026-07-14 22:20:00,4059.895,4060.265,4059.115,4059.975,204,0.701
2026-07-14 16:51:00,2026-07-14 22:21:00,4060.245,4060.305,4058.565,4060.305,204,0.701
2026-07-14 16:52:00,2026-07-14 22:22:00,4060.275,4061.415,4060.185,4061.155,212,0.7
2026-07-14 16:53:00,2026-07-14 22:23:00,4061.195,4061.195,4060.155,4060.475,216,0.701
2026-07-14 16:54:00,2026-07-14 22:24:00,4060.345,4060.665,4059.945,4060.295,192,0.718
2026-07-14 16:55:00,2026-07-14 22:25:00,4060.325,4062.385,4060.325,4060.765,196,0.703
2026-07-14 16:56:00,2026-07-14 22:26:00,4060.725,4061.365,4060.355,4061.175,182,0.7
2026-07-14 16:57:00,2026-07-14 22:27:00,4061.115,4061.175,4059.675,4060.735,206,0.716
2026-07-14 16:58:00,2026-07-14 22:28:00,4060.625,4061.715,4060.545,4061.625,189,0.7
2026-07-14 16:59:00,2026-07-14 22:29:00,4061.545,4061.875,4061.105,4061.735,185,0.7
2026-07-14 17:00:00,2026-07-14 22:30:00,4061.795,4062.835,4061.005,4062.395,301,0.701
2026-07-14 17:01:00,2026-07-14 22:31:00,4062.325,4064.635,4061.995,4063.88,349,0.706
2026-07-14 17:02:00,2026-07-14 22:32:00,4063.815,4063.905,4062.665,4063.385,231,0.715
2026-07-14 17:03:00,2026-07-14 22:33:00,4063.365,4064.245,4061.375,4061.435,212,0.716
2026-07-14 17:04:00,2026-07-14 22:34:00,4061.345,4061.51,4059.575,4060.465,225,0.7
2026-07-14 17:05:00,2026-07-14 22:35:00,4060.445,4061.055,4059.115,4060.175,195,0.718
2026-07-14 17:06:00,2026-07-14 22:36:00,4060.155,4060.155,4057.345,4058.035,247,0.701
2026-07-14 17:07:00,2026-07-14 22:37:00,4058.015,4058.345,4056.77,4058.21,285,0.701
2026-07-14 17:08:00,2026-07-14 22:38:00,4058.235,4059.095,4058.065,4058.545,185,0.701
2026-07-14 17:09:00,2026-07-14 22:39:00,4058.575,4059.825,4058.115,4059.525,218,0.701
2026-07-14 17:10:00,2026-07-14 22:40:00,4059.575,4059.945,4058.785,4058.905,258,0.701
2026-07-14 17:11:00,2026-07-14 22:41:00,4058.965,4059.145,4057.815,4058.425,255,0.701
2026-07-14 17:12:00,2026-07-14 22:42:00,4058.455,4058.565,4057.825,4058.515,189,0.701
2026-07-14 17:13:00,2026-07-14 22:43:00,4058.565,4058.885,4056.795,4057.875,243,0.701
2026-07-14 17:14:00,2026-07-14 22:44:00,4057.735,4058.01,4055.43,4056.725,299,0.703
2026-07-14 17:15:00,2026-07-14 22:45:00,4056.745,4057.035,4054.65,4054.68,333,0.709
2026-07-14 17:16:00,2026-07-14 22:46:00,4054.71,4056.945,4054.71,4056.425,298,0.703
2026-07-14 17:17:00,2026-07-14 22:47:00,4056.285,4056.525,4055.265,4056.325,214,0.7
2026-07-14 17:18:00,2026-07-14 22:48:00,4056.385,4056.965,4055.765,4056.305,183,0.701
2026-07-14 17:19:00,2026-07-14 22:49:00,4056.355,4057.335,4055.185,4057.135,241,0.701
2026-07-14 17:20:00,2026-07-14 22:50:00,4057.025,4058.445,4056.335,4057.815,222,0.7
2026-07-14 17:21:00,2026-07-14 22:51:00,4057.745,4059.175,4057.695,4058.505,205,0.701
2026-07-14 17:22:00,2026-07-14 22:52:00,4058.515,4059.575,4058.375,4058.935,211,0.701
2026-07-14 17:23:00,2026-07-14 22:53:00,4059.005,4061.125,4058.995,4060.865,265,0.701
2026-07-14 17:24:00,2026-07-14 22:54:00,4060.755,4061.605,4060.285,4060.945,228,0.701
2026-07-14 17:25:00,2026-07-14 22:55:00,4060.89,4061.935,4060.245,4060.785,251,0.7
2026-07-14 17:26:00,2026-07-14 22:56:00,4060.825,4062.565,4060.715,4062.535,200,0.717
2026-07-14 17:27:00,2026-07-14 22:57:00,4062.665,4063.105,4062.245,4062.825,195,0.7
2026-07-14 17:28:00,2026-07-14 22:58:00,4062.945,4063.315,4062.455,4063.025,202,0.717
2026-07-14 17:29:00,2026-07-14 22:59:00,4063.075,4064.31,4062.345,4063.035,343,0.702
2026-07-14 17:30:00,2026-07-14 23:00:00,4062.995,4064.705,4062.925,4064.015,314,0.702
2026-07-14 17:31:00,2026-07-14 23:01:00,4063.955,4064.775,4063.095,4064.62,207,0.716
2026-07-14 17:32:00,2026-07-14 23:02:00,4064.555,4065.115,4062.505,4062.565,178,0.719
2026-07-14 17:33:00,2026-07-14 23:03:00,4062.485,4063.175,4061.865,4061.915,176,0.719
2026-07-14 17:34:00,2026-07-14 23:04:00,4061.995,4062.715,4061.685,4062.255,131,0.7
2026-07-14 17:35:00,2026-07-14 23:05:00,4062.235,4062.235,4061.015,4061.815,220,0.701
2026-07-14 17:36:00,2026-07-14 23:06:00,4061.875,4062.635,4061.645,4061.945,158,0.721
2026-07-14 17:37:00,2026-07-14 23:07:00,4062.045,4062.485,4061.085,4061.665,170,0.701
2026-07-14 17:38:00,2026-07-14 23:08:00,4061.585,4062.675,4061.495,4061.995,167,0.7
2026-07-14 17:39:00,2026-07-14 23:09:00,4062.045,4062.905,4061.915,4062.275,147,0.701
2026-07-14 17:40:00,2026-07-14 23:10:00,4062.095,4062.855,4061.795,4062.215,198,0.7
2026-07-14 17:41:00,2026-07-14 23:11:00,4062.185,4062.28,4060.595,4061.085,162,0.701
2026-07-14 17:42:00,2026-07-14 23:12:00,4061.105,4061.575,4059.855,4060.095,197,0.701
2026-07-14 17:43:00,2026-07-14 23:13:00,4060.075,4060.505,4059.645,4060.315,147,0.7
2026-07-14 17:44:00,2026-07-14 23:14:00,4060.11,4061.155,4059.675,4059.925,165,0.721
2026-07-14 17:45:00,2026-07-14 23:15:00,4059.975,4060.225,4058.895,4058.985,187,0.718
2026-07-14 17:46:00,2026-07-14 23:16:00,4058.975,4059.265,4058.41,4059.265,197,0.701
2026-07-14 17:47:00,2026-07-14 23:17:00,4059.245,4060.625,4059.025,4060.455,194,0.701
2026-07-14 17:48:00,2026-07-14 23:18:00,4060.495,4062.115,4060.255,4061.905,172,0.7
2026-07-14 17:49:00,2026-07-14 23:19:00,4061.885,4062.075,4061.295,4061.825,139,0.725
2026-07-14 17:50:00,2026-07-14 23:20:00,4061.845,4062.715,4061.78,4062.455,190,0.701
2026-07-14 17:51:00,2026-07-14 23:21:00,4062.345,4063.425,4062.075,4063.215,144,0.7
2026-07-14 17:52:00,2026-07-14 23:22:00,4063.255,4063.605,4062.615,4063.025,139,0.7
2026-07-14 17:53:00,2026-07-14 23:23:00,4062.995,4063.385,4062.195,4062.785,137,0.724
2026-07-14 17:54:00,2026-07-14 23:24:00,4062.815,4063.545,4062.635,4063.135,125,0.7
2026-07-14 17:55:00,2026-07-14 23:25:00,4063.095,4063.405,4062.345,4063.14,175,0.719
2026-07-14 17:56:00,2026-07-14 23:26:00,4063.175,4064.045,4062.805,4063.495,163,0.701
2026-07-14 17:57:00,2026-07-14 23:27:00,4063.445,4063.695,4062.745,4062.945,169,0.701
2026-07-14 17:58:00,2026-07-14 23:28:00,4063.055,4063.285,4062.705,4062.785,184,0.7
2026-07-14 17:59:00,2026-07-14 23:29:00,4062.875,4063.935,4062.735,4062.855,199,0.701
2026-07-14 18:00:00,2026-07-14 23:30:00,4062.465,4062.985,4061.39,4061.525,216,0.701
2026-07-14 18:01:00,2026-07-14 23:31:00,4061.425,4061.585,4059.765,4060.695,214,0.7
2026-07-14 18:02:00,2026-07-14 23:32:00,4060.765,4061.315,4060.485,4061.095,150,0.7
2026-07-14 18:03:00,2026-07-14 23:33:00,4061.155,4061.475,4060.655,4061.275,147,0.7
2026-07-14 18:04:00,2026-07-14 23:34:00,4061.32,4062.265,4060.965,4062.235,156,0.7
2026-07-14 18:05:00,2026-07-14 23:35:00,4062.155,4062.445,4061.125,4061.33,167,0.701
2026-07-14 18:06:00,2026-07-14 23:36:00,4061.215,4061.395,4060.745,4061.195,145,0.701
2026-07-14 18:07:00,2026-07-14 23:37:00,4061.035,4061.515,4060.74,4061.445,203,0.716
2026-07-14 18:08:00,2026-07-14 23:38:00,4061.375,4062.245,4061.335,4061.385,148,0.701
2026-07-14 18:09:00,2026-07-14 23:39:00,4061.425,4061.425,4060.425,4060.625,165,0.721
2026-07-14 18:10:00,2026-07-14 23:40:00,4060.735,4061.255,4060.355,4060.895,162,0.7
2026-07-14 18:11:00,2026-07-14 23:41:00,4060.855,4061.135,4059.96,4060.495,177,0.701
2026-07-14 18:12:00,2026-07-14 23:42:00,4060.465,4061.505,4060.465,4061.32,154,0.701
2026-07-14 18:13:00,2026-07-14 23:43:00,4061.345,4061.345,4060.645,4061.145,142,0.7
2026-07-14 18:14:00,2026-07-14 23:44:00,4061.105,4061.89,4060.565,4061.805,196,0.701
2026-07-14 18:15:00,2026-07-14 23:45:00,4061.785,4063.165,4061.465,4062.145,245,0.7
2026-07-14 18:16:00,2026-07-14 23:46:00,4062.125,4062.295,4061.285,4061.395,199,0.701
2026-07-14 18:17:00,2026-07-14 23:47:00,4061.375,4061.955,4061.065,4061.955,165,0.7
2026-07-14 18:18:00,2026-07-14 23:48:00,4062.015,4062.565,4061.565,4062.565,204,0.7
2026-07-14 18:19:00,2026-07-14 23:49:00,4062.575,4063.285,4062.405,4062.765,167,0.701
2026-07-14 18:20:00,2026-07-14 23:50:00,4062.835,4062.865,4060.285,4060.585,191,0.718
2026-07-14 18:21:00,2026-07-14 23:51:00,4060.615,4061.065,4060.135,4060.385,151,0.7
2026-07-14 18:22:00,2026-07-14 23:52:00,4060.465,4060.72,4059.155,4059.875,207,0.7
2026-07-14 18:23:00,2026-07-14 23:53:00,4059.87,4060.075,4059.375,4059.785,145,0.701
2026-07-14 18:24:00,2026-07-14 23:54:00,4059.895,4059.895,4056.995,4057.295,188,0.701
2026-07-14 18:25:00,2026-07-14 23:55:00,4057.275,4057.835,4056.65,4057.705,156,0.701
2026-07-14 18:26:00,2026-07-14 23:56:00,4057.735,4058.775,4057.475,4058.565,187,0.7
2026-07-14 18:27:00,2026-07-14 23:57:00,4058.465,4058.975,4058.005,4058.385,155,0.722
2026-07-14 18:28:00,2026-07-14 23:58:00,4058.335,4058.725,4057.935,4058.085,181,0.701
2026-07-14 18:29:00,2026-07-14 23:59:00,4058.035,4059.215,4058.01,4058.715,166,0.72
2026-07-14 18:30:00,2026-07-15 00:00:00,4058.665,4059.635,4057.115,4057.145,187,0.7
2026-07-14 18:31:00,2026-07-15 00:01:00,4057.035,4058.025,4056.835,4057.725,163,0.7
2026-07-14 18:32:00,2026-07-15 00:02:00,4057.695,4057.885,4055.415,4056.055,202,0.702
2026-07-14 18:33:00,2026-07-15 00:03:00,4056.225,4056.445,4055.575,4056.015,128,0.701
2026-07-14 18:34:00,2026-07-15 00:04:00,4056.85,4057.195,4055.865,4056.895,131,0.701
2026-07-14 18:35:00,2026-07-15 00:05:00,4056.865,4057.065,4056.495,4056.655,106,0.701
2026-07-14 18:36:00,2026-07-15 00:06:00,4056.595,4056.635,4055.35,4055.715,184,0.701
2026-07-14 18:37:00,2026-07-15 00:07:00,4055.685,4055.715,4052.085,4052.585,258,0.715
2026-07-14 18:38:00,2026-07-15 00:08:00,4052.935,4053.505,4052.075,4053.395,296,0.7
2026-07-14 18:39:00,2026-07-15 00:09:00,4053.375,4053.695,4053.075,4053.395,171,0.701
2026-07-14 18:40:00,2026-07-15 00:10:00,4053.365,4054.495,4051.955,4052.935,287,0.724
2026-07-14 18:41:00,2026-07-15 00:11:00,4053.015,4053.015,4045.595,4047.365,411,0.71
2026-07-14 18:42:00,2026-07-15 00:12:00,4047.325,4048.66,4044.915,4047.01,412,0.728
2026-07-14 18:43:00,2026-07-15 00:13:00,4046.925,4048.065,4042.97,4043.855,387,0.715
2026-07-14 18:44:00,2026-07-15 00:14:00,4043.825,4046.895,4043.145,4046.865,324,0.677
2026-07-14 18:45:00,2026-07-15 00:15:00,4046.82,4047.485,4044.955,4047.215,263,0.701
2026-07-14 18:46:00,2026-07-15 00:16:00,4047.265,4048.875,4047.265,4048.535,233,0.715
2026-07-14 18:47:00,2026-07-15 00:17:00,4048.575,4049.215,4048.085,4048.805,229,0.701
2026-07-14 18:48:00,2026-07-15 00:18:00,4048.825,4050.235,4048.245,4049.945,200,0.703
2026-07-14 18:49:00,2026-07-15 00:19:00,4049.905,4050.715,4049.02,4049.385,265,0.706
2026-07-14 18:50:00,2026-07-15 00:20:00,4049.39,4049.65,4047.05,4048.855,267,0.705
2026-07-14 18:51:00,2026-07-15 00:21:00,4048.815,4050.925,4048.725,4050.205,239,0.702
2026-07-14 18:52:00,2026-07-15 00:22:00,4050.235,4051.515,4050.025,4050.87,170,0.7
2026-07-14 18:53:00,2026-07-15 00:23:00,4050.895,4051.445,4050.635,4051.095,138,0.725
2026-07-14 18:54:00,2026-07-15 00:24:00,4051.055,4051.755,4050.925,4051.755,156,0.721
2026-07-14 18:55:00,2026-07-15 00:25:00,4051.845,4052.605,4051.16,4052.305,209,0.704
2026-07-14 18:56:00,2026-07-15 00:26:00,4052.335,4052.465,4051.495,4052.135,197,0.702
2026-07-14 18:57:00,2026-07-15 00:27:00,4052.105,4052.795,4051.885,4052.155,198,0.701
2026-07-14 18:58:00,2026-07-15 00:28:00,4052.165,4054.615,4051.665,4054.615,273,0.705
2026-07-14 18:59:00,2026-07-15 00:29:00,4054.585,4054.585,4053.685,4054.225,210,0.705
2026-07-14 19:00:00,2026-07-15 00:30:00,4054.245,4055.005,4053.745,4054.445,265,0.7
2026-07-14 19:01:00,2026-07-15 00:31:00,4054.545,4054.565,4053.245,4053.405,176,0.7
2026-07-14 19:02:00,2026-07-15 00:32:00,4053.415,4054.32,4053.265,4053.825,264,0.704
2026-07-14 19:03:00,2026-07-15 00:33:00,4053.845,4054.835,4053.275,4054.645,280,0.701
2026-07-14 19:04:00,2026-07-15 00:34:00,4054.615,4054.615,4052.275,4053.055,224,0.703
2026-07-14 19:05:00,2026-07-15 00:35:00,4053.095,4053.185,4052.385,4052.705,159,0.701
2026-07-14 19:06:00,2026-07-15 00:36:00,4052.715,4053.905,4052.555,4053.585,180,0.701
2026-07-14 19:07:00,2026-07-15 00:37:00,4053.685,4053.835,4053.055,4053.645,149,0.701
2026-07-14 19:08:00,2026-07-15 00:38:00,4053.605,4053.695,4052.815,4053.515,150,0.701
2026-07-14 19:09:00,2026-07-15 00:39:00,4053.535,4054.915,4053.415,4054.415,217,0.701
2026-07-14 19:10:00,2026-07-15 00:40:00,4054.365,4054.655,4054.015,4054.165,183,0.718
2026-07-14 19:11:00,2026-07-15 00:41:00,4054.155,4054.445,4053.195,4054.055,210,0.701
2026-07-14 19:12:00,2026-07-15 00:42:00,4053.905,4056.785,4053.905,4056.535,267,0.701
2026-07-14 19:13:00,2026-07-15 00:43:00,4056.395,4056.995,4056.155,4056.905,200,0.701
2026-07-14 19:14:00,2026-07-15 00:44:00,4056.885,4057.435,4056.605,4056.665,138,0.701
2026-07-14 19:15:00,2026-07-15 00:45:00,4056.635,4057.015,4056.045,4056.865,206,0.701
2026-07-14 19:16:00,2026-07-15 00:46:00,4056.895,4056.995,4055.425,4056.29,210,0.701
2026-07-14 19:17:00,2026-07-15 00:47:00,4056.235,4056.345,4055.335,4056.015,186,0.7
2026-07-14 19:18:00,2026-07-15 00:48:00,4055.995,4056.695,4055.515,4055.915,229,0.702
2026-07-14 19:19:00,2026-07-15 00:49:00,4055.835,4056.595,4055.59,4056.445,236,0.702
2026-07-14 19:20:00,2026-07-15 00:50:00,4056.485,4056.495,4055.175,4055.465,180,0.701
2026-07-14 19:21:00,2026-07-15 00:51:00,4055.405,4055.52,4054.175,4054.345,164,0.701
2026-07-14 19:22:00,2026-07-15 00:52:00,4054.365,4054.935,4054.215,4054.365,145,0.7
2026-07-14 19:23:00,2026-07-15 00:53:00,4054.425,4054.805,4052.805,4052.935,130,0.701
2026-07-14 19:24:00,2026-07-15 00:54:00,4052.9,4053.355,4052.335,4052.735,190,0.702
2026-07-14 19:25:00,2026-07-15 00:55:00,4052.7,4053.535,4052.405,4053.275,216,0.701
2026-07-14 19:26:00,2026-07-15 00:56:00,4053.315,4053.315,4052.46,4052.52,183,0.719
2026-07-14 19:27:00,2026-07-15 00:57:00,4052.675,4053.185,4052.155,4052.155,186,0.701
2026-07-14 19:28:00,2026-07-15 00:58:00,4052.115,4052.475,4051.565,4051.905,234,0.701
2026-07-14 19:29:00,2026-07-15 00:59:00,4051.955,4052.325,4051.425,4051.805,227,0.703
2026-07-14 19:30:00,2026-07-15 01:00:00,4051.765,4051.845,4048.835,4049.085,326,0.705
2026-07-14 19:31:00,2026-07-15 01:01:00,4049.145,4051.395,4048.42,4050.625,280,0.702
2026-07-14 19:32:00,2026-07-15 01:02:00,4050.575,4050.995,4047.72,4049.495,322,0.703
2026-07-14 19:33:00,2026-07-15 01:03:00,4049.715,4050.585,4048.855,4050.475,247,0.7
2026-07-14 19:34:00,2026-07-15 01:04:00,4050.445,4050.505,4049.57,4050.415,204,0.701
2026-07-14 19:35:00,2026-07-15 01:05:00,4050.335,4050.515,4049.49,4050.095,225,0.701
2026-07-14 19:36:00,2026-07-15 01:06:00,4050.115,4052.305,4049.935,4052.305,175,0.7
2026-07-14 19:37:00,2026-07-15 01:07:00,4052.315,4052.335,4051.575,4051.925,183,0.701
2026-07-14 19:38:00,2026-07-15 01:08:00,4051.895,4052.395,4051.055,4051.115,157,0.7
2026-07-14 19:39:00,2026-07-15 01:09:00,4051.145,4051.365,4050.815,4051.295,173,0.7
2026-07-14 19:40:00,2026-07-15 01:10:00,4051.275,4051.525,4050.755,4051.265,160,0.701
2026-07-14 19:41:00,2026-07-15 01:11:00,4051.405,4051.815,4050.485,4050.505,204,0.7
2026-07-14 19:42:00,2026-07-15 01:12:00,4050.635,4051.085,4050.405,4050.585,191,0.701
2026-07-14 19:43:00,2026-07-15 01:13:00,4050.605,4052.435,4050.455,4052.285,151,0.701
2026-07-14 19:44:00,2026-07-15 01:14:00,4052.315,4052.955,4052.275,4052.695,205,0.7
2026-07-14 19:45:00,2026-07-15 01:15:00,4052.625,4053.895,4052.625,4053.875,156,0.701
2026-07-14 19:46:00,2026-07-15 01:16:00,4053.905,4054.835,4053.62,4054.495,179,0.7
2026-07-14 19:47:00,2026-07-15 01:17:00,4054.395,4054.395,4053.735,4053.965,195,0.701
2026-07-14 19:48:00,2026-07-15 01:18:00,4053.925,4053.925,4052.985,4053.395,160,0.721
2026-07-14 19:49:00,2026-07-15 01:19:00,4053.365,4053.615,4052.375,4052.755,188,0.718
2026-07-14 19:50:00,2026-07-15 01:20:00,4052.795,4053.455,4051.88,4052.715,266,0.713
2026-07-14 19:51:00,2026-07-15 01:21:00,4052.735,4052.925,4051.645,4051.955,171,0.72
2026-07-14 19:52:00,2026-07-15 01:22:00,4052.035,4053.495,4051.925,4053.215,212,0.7
2026-07-14 19:53:00,2026-07-15 01:23:00,4053.075,4055.875,4052.945,4055.725,218,0.701
2026-07-14 19:54:00,2026-07-15 01:24:00,4055.755,4056.975,4055.385,4055.6,267,0.705
2026-07-14 19:55:00,2026-07-15 01:25:00,4055.855,4056.185,4054.825,4054.905,204,0.701
2026-07-14 19:56:00,2026-07-15 01:26:00,4055.245,4056.805,4054.925,4056.455,237,0.7
2026-07-14 19:57:00,2026-07-15 01:27:00,4056.495,4057.025,4055.845,4056.165,227,0.701
2026-07-14 19:58:00,2026-07-15 01:28:00,4056.155,4056.565,4055.395,4056.245,325,0.713
2026-07-14 19:59:00,2026-07-15 01:29:00,4056.305,4057.005,4055.495,4055.91,343,0.713
2026-07-14 20:00:00,2026-07-15 01:30:00,4055.885,4056.585,4054.275,4055.055,190,0.707
2026-07-14 20:01:00,2026-07-15 01:31:00,4055.035,4055.765,4054.755,4055.655,115,0.7
2026-07-14 20:02:00,2026-07-15 01:32:00,4055.605,4055.735,4054.645,4054.905,103,0.7
2026-07-14 20:03:00,2026-07-15 01:33:00,4054.815,4055.375,4054.275,4054.795,92,0.7
2026-07-14 20:04:00,2026-07-15 01:34:00,4054.695,4055.455,4054.685,4054.985,68,0.759
2026-07-14 20:05:00,2026-07-15 01:35:00,4055.015,4055.69,4054.645,4055.555,104,0.7
2026-07-14 20:06:00,2026-07-15 01:36:00,4055.545,4055.595,4055.01,4055.235,75,0.754
2026-07-14 20:07:00,2026-07-15 01:37:00,4055.265,4055.685,4054.995,4054.995,85,0.7
2026-07-14 20:08:00,2026-07-15 01:38:00,4055.055,4055.745,4054.775,4054.925,80,0.7
2026-07-14 20:09:00,2026-07-15 01:39:00,4054.885,4054.995,4054.715,4054.845,56,0.7
2026-07-14 20:10:00,2026-07-15 01:40:00,4054.885,4055.015,4054.525,4054.735,66,0.701
2026-07-14 20:11:00,2026-07-15 01:41:00,4054.715,4054.935,4054.015,4054.455,84,0.701
2026-07-14 20:12:00,2026-07-15 01:42:00,4054.485,4055.575,4054.355,4054.915,64,0.701
2026-07-14 20:13:00,2026-07-15 01:43:00,4054.855,4055.135,4054.345,4054.775,59,0.701
2026-07-14 20:14:00,2026-07-15 01:44:00,4054.785,4054.785,4053.655,4053.655,87,0.7
2026-07-14 20:15:00,2026-07-15 01:45:00,4053.645,4054.485,4053.645,4054.485,61,0.7
2026-07-14 20:16:00,2026-07-15 01:46:00,4054.455,4054.625,4053.955,4054.135,57,0.7
2026-07-14 20:17:00,2026-07-15 01:47:00,4054.165,4054.375,4053.865,4054.325,78,0.701
2026-07-14 20:18:00,2026-07-15 01:48:00,4054.345,4054.37,4053.765,4053.825,81,0.7
2026-07-14 20:19:00,2026-07-15 01:49:00,4053.805,4053.805,4052.715,4052.855,54,0.701
2026-07-14 20:20:00,2026-07-15 01:50:00,4052.825,4053.005,4052.445,4052.595,58,0.7
2026-07-14 20:21:00,2026-07-15 01:51:00,4052.625,4053.28,4052.235,4053.165,85,0.749
2026-07-14 20:22:00,2026-07-15 01:52:00,4053.215,4054.195,4053.155,4053.605,55,0.701
2026-07-14 20:23:00,2026-07-15 01:53:00,4053.655,4054.005,4053.075,4053.075,54,0.701
2026-07-14 20:24:00,2026-07-15 01:54:00,4053.145,4053.915,4053.145,4053.915,61,0.7
2026-07-14 20:25:00,2026-07-15 01:55:00,4053.88,4053.945,4053.175,4053.905,101,0.7
2026-07-14 20:26:00,2026-07-15 01:56:00,4053.86,4054.185,4053.355,4053.945,70,0.7
2026-07-14 20:27:00,2026-07-15 01:57:00,4053.875,4053.935,4052.795,4053.085,97,0.7
2026-07-14 20:28:00,2026-07-15 01:58:00,4053.135,4053.445,4052.855,4053.445,52,0.701
2026-07-14 20:29:00,2026-07-15 01:59:00,4053.235,4053.325,4052.835,4053.155,77,0.701
2026-07-14 20:30:00,2026-07-15 02:00:00,4053.455,4053.575,4052.545,4053.365,101,0.7
2026-07-14 20:31:00,2026-07-15 02:01:00,4053.275,4053.625,4052.66,4052.865,65,0.701
2026-07-14 20:32:00,2026-07-15 02:02:00,4052.835,4053.195,4052.265,4052.335,56,0.7
2026-07-14 20:33:00,2026-07-15 02:03:00,4052.235,4052.355,4051.206,4051.285,71,0.745
2026-07-14 20:34:00,2026-07-15 02:04:00,4051.352,4051.991,4051.22,4051.368,87,1.025
2026-07-14 20:35:00,2026-07-15 02:05:00,4051.376,4052.266,4050.5,4050.655,96,0.747
2026-07-14 20:36:00,2026-07-15 02:06:00,4050.695,4051.285,4050.205,4050.585,98,0.7
2026-07-14 20:37:00,2026-07-15 02:07:00,4050.615,4050.935,4050.175,4050.465,83,0.7
2026-07-14 20:38:00,2026-07-15 02:08:00,4050.595,4050.745,4050.235,4050.615,47,0.701
2026-07-14 20:39:00,2026-07-15 02:09:00,4050.585,4051.135,4050.205,4050.305,88,0.701
2026-07-14 20:40:00,2026-07-15 02:10:00,4050.415,4051.125,4050.335,4051.125,31,0.7
2026-07-14 20:41:00,2026-07-15 02:11:00,4051.075,4051.525,4050.675,4051.115,75,0.701
2026-07-14 20:42:00,2026-07-15 02:12:00,4051.135,4051.905,4051.085,4051.755,68,0.7
2026-07-14 20:43:00,2026-07-15 02:13:00,4051.725,4051.935,4050.47,4050.485,73,0.701
2026-07-14 20:44:00,2026-07-15 02:14:00,4050.755,4050.755,4049.805,4050.625,80,0.7
2026-07-14 20:45:00,2026-07-15 02:15:00,4050.345,4050.415,4049.425,4050.125,94,0.701
2026-07-14 20:46:00,2026-07-15 02:16:00,4050.145,4050.965,4049.565,4050.865,106,0.701
2026-07-14 20:47:00,2026-07-15 02:17:00,4050.835,4051.135,4050.545,4051.135,75,0.701
2026-07-14 20:48:00,2026-07-15 02:18:00,4051.215,4051.285,4050.895,4050.995,47,0.701
2026-07-14 20:49:00,2026-07-15 02:19:00,4051.045,4051.345,4050.18,4050.285,70,0.701
2026-07-14 20:50:00,2026-07-15 02:20:00,4050.245,4050.775,4049.245,4049.675,89,0.7
2026-07-14 20:51:00,2026-07-15 02:21:00,4049.625,4051.185,4049.535,4051.065,89,0.7
2026-07-14 20:52:00,2026-07-15 02:22:00,4051.095,4052.125,4050.6,4052.095,90,0.701
2026-07-14 20:53:00,2026-07-15 02:23:00,4052.085,4053.025,4052.085,4052.835,35,0.7
2026-07-14 20:54:00,2026-07-15 02:24:00,4052.875,4052.875,4052.335,4052.425,50,0.701
2026-07-14 20:55:00,2026-07-15 02:25:00,4052.375,4053.045,4052.185,4052.995,67,0.701
2026-07-14 20:56:00,2026-07-15 02:26:00,4052.945,4053.125,4052.605,4053.065,60,0.701
2026-07-14 20:57:00,2026-07-15 02:27:00,4053.055,4053.165,4052.655,4052.725,66,0.7
2026-07-14 20:58:00,2026-07-15 02:28:00,4052.775,4053.155,4052.515,4053.125,77,0.701
2026-07-14 20:59:00,2026-07-15 02:29:00,4053.155,4054.275,4051.705,4054.225,113,0.874
2026-07-14 22:00:00,2026-07-15 03:30:00,4053.27,4053.75,4051.685,4052.13,219,1.137
2026-07-14 22:01:00,2026-07-15 03:31:00,4052.46,4052.97,4051.815,4052.47,61,0.891
2026-07-14 22:02:00,2026-07-15 03:32:00,4052.495,4053.53,4052.495,4052.76,79,0.882
2026-07-14 22:03:00,2026-07-15 03:33:00,4052.65,4052.95,4051.635,4052.495,69,0.874
2026-07-14 22:04:00,2026-07-15 03:34:00,4052.525,4053.33,4052.145,4053.24,41,0.884
2026-07-14 22:05:00,2026-07-15 03:35:00,4053.225,4053.25,4052.34,4052.525,36,0.864
2026-07-14 22:06:00,2026-07-15 03:36:00,4052.49,4053.105,4052.07,4052.615,34,0.883
2026-07-14 22:07:00,2026-07-15 03:37:00,4052.58,4052.815,4052.155,4052.315,36,0.885
2026-07-14 22:08:00,2026-07-15 03:38:00,4052.42,4052.42,4051.53,4051.625,58,0.884
2026-07-14 22:09:00,2026-07-15 03:39:00,4051.6,4052.01,4051.535,4051.84,56,0.863
2026-07-14 22:10:00,2026-07-15 03:40:00,4051.87,4051.87,4050.13,4050.64,85,0.852
2026-07-14 22:11:00,2026-07-15 03:41:00,4050.61,4051.31,4050.24,4051.22,87,0.851
2026-07-14 22:12:00,2026-07-15 03:42:00,4051.2,4051.2,4049.25,4049.33,94,0.851
2026-07-14 22:13:00,2026-07-15 03:43:00,4049.31,4050.41,4049.03,4050.35,120,0.928
2026-07-14 22:14:00,2026-07-15 03:44:00,4050.425,4051.525,4050.185,4050.785,96,0.88
2026-07-14 22:15:00,2026-07-15 03:45:00,4050.765,4050.955,4049.505,4050.475,104,0.884
2026-07-14 22:16:00,2026-07-15 03:46:00,4050.45,4050.535,4049.21,4049.905,97,0.862
2026-07-14 22:17:00,2026-07-15 03:47:00,4049.705,4050.695,4049.365,4050.405,99,0.819
2026-07-14 22:18:00,2026-07-15 03:48:00,4050.43,4050.835,4049.875,4050.385,78,0.931
2026-07-14 22:19:00,2026-07-15 03:49:00,4050.405,4051.195,4050.275,4050.535,85,0.819
2026-07-14 22:20:00,2026-07-15 03:50:00,4050.515,4051.84,4050.285,4051.395,108,0.899
2026-07-14 22:21:00,2026-07-15 03:51:00,4051.365,4052.075,4051.365,4051.635,79,0.819
2026-07-14 22:22:00,2026-07-15 03:52:00,4051.695,4052.225,4051.605,4051.605,60,0.819
2026-07-14 22:23:00,2026-07-15 03:53:00,4051.575,4051.805,4049.87,4050.25,106,0.797
2026-07-14 22:24:00,2026-07-15 03:54:00,4050.28,4050.5,4049.78,4050.2,137,0.898
2026-07-14 22:25:00,2026-07-15 03:55:00,4050.23,4050.995,4049.775,4050.785,132,0.911
2026-07-14 22:26:00,2026-07-15 03:56:00,4050.755,4050.825,4049.84,4049.905,79,0.856
2026-07-14 22:27:00,2026-07-15 03:57:00,4049.965,4050.185,4049.305,4050.14,127,0.849
2026-07-14 22:28:00,2026-07-15 03:58:00,4050.115,4051.045,4049.645,4051.045,132,0.822
2026-07-14 22:29:00,2026-07-15 03:59:00,4051.035,4052.035,4050.345,4051.635,93,0.813
2026-07-14 22:30:00,2026-07-15 04:00:00,4051.655,4052.335,4051.485,4051.905,91,0.796
2026-07-14 22:31:00,2026-07-15 04:01:00,4051.88,4052.44,4051.83,4051.9,87,0.802
2026-07-14 22:32:00,2026-07-15 04:02:00,4051.83,4052.325,4051.395,4052.31,67,0.806
2026-07-14 22:33:00,2026-07-15 04:03:00,4052.29,4052.81,4051.49,4052.68,116,0.796
2026-07-14 22:34:00,2026-07-15 04:04:00,4052.73,4052.83,4052.11,4052.32,80,0.79
2026-07-14 22:35:00,2026-07-15 04:05:00,4052.22,4052.8,4051.53,4051.53,122,0.79
2026-07-14 22:36:00,2026-07-15 04:06:00,4051.48,4051.48,4050.45,4050.61,115,0.79
2026-07-14 22:37:00,2026-07-15 04:07:00,4050.65,4051.1,4050.51,4051.05,55,0.79
2026-07-14 22:38:00,2026-07-15 04:08:00,4051.06,4051.19,4050.085,4051.0,108,0.79
2026-07-14 22:39:00,2026-07-15 04:09:00,4050.96,4051.26,4050.535,4051.005,91,0.794
2026-07-14 22:40:00,2026-07-15 04:10:00,4050.935,4052.335,4050.48,4050.97,128,0.798
2026-07-14 22:41:00,2026-07-15 04:11:00,4050.89,4051.2,4050.605,4050.92,50,0.789
2026-07-14 22:42:00,2026-07-15 04:12:00,4050.95,4051.23,4050.01,4050.01,94,0.79
2026-07-14 22:43:00,2026-07-15 04:13:00,4050.08,4050.2,4048.995,4050.115,150,0.804
2026-07-14 22:44:00,2026-07-15 04:14:00,4050.175,4051.33,4050.175,4050.735,100,0.903
2026-07-14 22:45:00,2026-07-15 04:15:00,4050.77,4050.915,4050.02,4050.245,109,0.815
2026-07-14 22:46:00,2026-07-15 04:16:00,4050.22,4050.27,4048.545,4048.59,93,0.813
2026-07-14 22:47:00,2026-07-15 04:17:00,4048.795,4049.73,4048.38,4049.695,133,0.815
2026-07-14 22:48:00,2026-07-15 04:18:00,4049.585,4050.125,4049.39,4049.68,85,0.815
2026-07-14 22:49:00,2026-07-15 04:19:00,4049.645,4049.68,4049.21,4049.415,59,0.816
2026-07-14 22:50:00,2026-07-15 04:20:00,4049.39,4049.695,4048.83,4049.37,61,0.815
2026-07-14 22:51:00,2026-07-15 04:21:00,4049.365,4050.105,4049.135,4049.68,85,0.815
2026-07-14 22:52:00,2026-07-15 04:22:00,4049.735,4050.225,4049.535,4050.225,51,0.816
2026-07-14 22:53:00,2026-07-15 04:23:00,4050.165,4050.645,4050.08,4050.5,51,0.815
2026-07-14 22:54:00,2026-07-15 04:24:00,4050.465,4050.6,4049.245,4049.55,75,0.804
2026-07-14 22:55:00,2026-07-15 04:25:00,4049.57,4049.765,4049.23,4049.26,65,0.805
2026-07-14 22:56:00,2026-07-15 04:26:00,4049.29,4050.06,4049.2,4049.97,51,0.806
2026-07-14 22:57:00,2026-07-15 04:27:00,4049.93,4049.99,4049.37,4049.58,40,0.805
2026-07-14 22:58:00,2026-07-15 04:28:00,4049.515,4049.695,4049.005,4049.605,12,8.084
2026-07-14 22:59:00,2026-07-15 04:29:00,4049.305,4049.305,4049.03,4049.035,4,9.743
2026-07-14 23:00:00,2026-07-15 04:30:00,4048.775,4050.185,4048.775,4049.07,12,9.479
2026-07-14 23:01:00,2026-07-15 04:31:00,4049.365,4049.935,4048.73,4048.73,13,9.504
2026-07-14 23:02:00,2026-07-15 04:32:00,4049.035,4049.035,4049.035,4049.035,1,9.6
2026-07-14 23:03:00,2026-07-15 04:33:00,4048.57,4049.44,4048.425,4049.44,14,9.539
2026-07-14 23:04:00,2026-07-15 04:34:00,4049.295,4049.455,4049.005,4049.455,5,9.61
2026-07-14 23:05:00,2026-07-15 04:35:00,4049.605,4049.885,4049.3,4049.885,5,9.576
2026-07-14 23:06:00,2026-07-15 04:36:00,4049.29,4049.29,4048.985,4048.985,3,9.587
2026-07-14 23:07:00,2026-07-15 04:37:00,4048.825,4049.25,4048.51,4048.955,11,9.598
2026-07-14 23:08:00,2026-07-15 04:38:00,4049.245,4049.545,4049.245,4049.405,4,9.592
2026-07-14 23:09:00,2026-07-15 04:39:00,4049.26,4049.7,4049.11,4049.56,6,9.598
2026-07-14 23:10:00,2026-07-15 04:40:00,4049.25,4049.37,4047.205,4048.435,138,0.869
2026-07-14 23:11:00,2026-07-15 04:41:00,4048.465,4048.875,4048.365,4048.44,41,0.819
2026-07-14 23:12:00,2026-07-15 04:42:00,4048.415,4048.445,4047.415,4047.585,78,0.819
2026-07-14 23:13:00,2026-07-15 04:43:00,4047.755,4048.125,4047.435,4047.735,110,0.819
2026-07-14 23:14:00,2026-07-15 04:44:00,4047.705,4047.935,4047.485,4047.675,76,0.819
2026-07-14 23:15:00,2026-07-15 04:45:00,4047.705,4048.595,4047.69,4048.565,73,0.819
2026-07-14 23:16:00,2026-07-15 04:46:00,4048.635,4048.635,4048.08,4048.1,41,0.816
2026-07-14 23:17:00,2026-07-15 04:47:00,4048.06,4048.32,4046.87,4047.1,97,0.79
2026-07-14 23:18:00,2026-07-15 04:48:00,4047.13,4047.87,4047.0,4047.87,87,0.79
2026-07-14 23:19:00,2026-07-15 04:49:00,4047.91,4048.35,4047.85,4048.11,89,0.79
2026-07-14 23:20:00,2026-07-15 04:50:00,4048.08,4048.44,4047.95,4048.36,93,0.789
2026-07-14 23:21:00,2026-07-15 04:51:00,4048.34,4048.56,4048.32,4048.5,74,0.79
2026-07-14 23:22:00,2026-07-15 04:52:00,4048.47,4049.465,4048.46,4049.28,117,0.792
2026-07-14 23:23:00,2026-07-15 04:53:00,4049.405,4050.56,4049.225,4050.35,120,0.812
2026-07-14 23:24:00,2026-07-15 04:54:00,4050.37,4050.435,4049.715,4049.79,61,0.807
2026-07-14 23:25:00,2026-07-15 04:55:00,4049.84,4052.22,4049.61,4052.115,167,0.805
2026-07-14 23:26:00,2026-07-15 04:56:00,4052.04,4052.115,4051.66,4051.875,126,0.798
2026-07-14 23:27:00,2026-07-15 04:57:00,4051.865,4051.925,4050.845,4050.915,132,0.798
2026-07-14 23:28:00,2026-07-15 04:58:00,4050.955,4051.625,4050.63,4051.445,131,0.804
2026-07-14 23:29:00,2026-07-15 04:59:00,4051.435,4054.34,4051.415,4054.1,195,0.803
2026-07-14 23:30:00,2026-07-15 05:00:00,4054.15,4054.15,4052.24,4053.055,204,0.792
2026-07-14 23:31:00,2026-07-15 05:01:00,4052.985,4053.275,4051.405,4052.015,169,0.798
2026-07-14 23:32:00,2026-07-15 05:02:00,4051.985,4053.145,4051.575,4052.675,105,0.81
2026-07-14 23:33:00,2026-07-15 05:03:00,4052.815,4054.0,4052.545,4053.84,129,0.798
2026-07-14 23:34:00,2026-07-15 05:04:00,4053.67,4055.15,4053.39,4054.97,122,0.861
2026-07-14 23:35:00,2026-07-15 05:05:00,4054.89,4056.375,4054.575,4054.94,201,0.796
2026-07-14 23:36:00,2026-07-15 05:06:00,4054.92,4055.54,4053.64,4054.695,187,0.79
2026-07-14 23:37:00,2026-07-15 05:07:00,4054.735,4054.735,4053.445,4054.295,132,0.8
2026-07-14 23:38:00,2026-07-15 05:08:00,4054.255,4054.275,4053.135,4053.305,116,0.797
2026-07-14 23:39:00,2026-07-15 05:09:00,4053.285,4054.06,4052.935,4053.61,123,0.797
2026-07-14 23:40:00,2026-07-15 05:10:00,4053.645,4054.375,4053.24,4054.265,74,0.798
2026-07-14 23:41:00,2026-07-15 05:11:00,4054.285,4054.565,4054.145,4054.3,84,0.798
2026-07-14 23:42:00,2026-07-15 05:12:00,4054.335,4055.45,4054.24,4054.765,130,0.797
2026-07-14 23:43:00,2026-07-15 05:13:00,4054.795,4054.805,4054.145,4054.68,65,0.796
2026-07-14 23:44:00,2026-07-15 05:14:00,4054.745,4055.015,4054.635,4054.71,69,0.798
2026-07-14 23:45:00,2026-07-15 05:15:00,4054.735,4055.255,4053.74,4053.74,128,0.798
2026-07-14 23:46:00,2026-07-15 05:16:00,4053.765,4053.765,4052.765,4053.705,132,0.798
2026-07-14 23:47:00,2026-07-15 05:17:00,4053.615,4053.8,4052.82,4053.245,98,0.797
2026-07-14 23:48:00,2026-07-15 05:18:00,4053.3,4054.165,4052.79,4052.96,95,0.797
2026-07-14 23:49:00,2026-07-15 05:19:00,4052.935,4053.075,4052.695,4053.075,102,0.796
2026-07-14 23:50:00,2026-07-15 05:20:00,4053.045,4053.245,4052.595,4052.915,95,0.797
2026-07-14 23:51:00,2026-07-15 05:21:00,4052.87,4052.915,4052.585,4052.825,48,0.797
2026-07-14 23:52:00,2026-07-15 05:22:00,4052.845,4053.005,4052.335,4052.735,62,0.798
2026-07-14 23:53:00,2026-07-15 05:23:00,4052.875,4053.795,4052.835,4053.625,92,0.797
2026-07-14 23:54:00,2026-07-15 05:24:00,4053.6,4054.415,4053.335,4054.285,161,0.798
2026-07-14 23:55:00,2026-07-15 05:25:00,4054.685,4054.685,4053.67,4053.82,122,0.798
2026-07-14 23:56:00,2026-07-15 05:26:00,4053.8,4054.08,4053.245,4053.665,232,0.803
2026-07-14 23:57:00,2026-07-15 05:27:00,4053.605,4053.805,4053.215,4053.385,173,0.819
2026-07-14 23:58:00,2026-07-15 05:28:00,4053.195,4053.575,4052.73,4052.74,174,0.803
2026-07-14 23:59:00,2026-07-15 05:29:00,4052.77,4053.13,4052.01,4052.98,279,0.795
